Month,Commodity,Price,"('Unit', 'Currency')",Symbol
2023-02-01,Wheat,332.41,USD,$
2023-01-01,Wheat,320.1,USD,$
2022-12-01,Wheat,323.65,USD,$
2022-11-01,Wheat,344.33,USD,$
2022-10-01,Wheat,353.71,USD,$
2022-09-01,Wheat,346.32,USD,$
2022-08-01,Wheat,323.02,USD,$
2022-07-01,Wheat,321.98,USD,$
2022-06-01,Wheat,397.65,USD,$
2022-05-01,Wheat,444.16,USD,$
2022-04-01,Wheat,406.03,USD,$
2022-03-01,Wheat,387.67,USD,$
2022-02-01,Wheat,347.5,USD,$
2022-01-01,Wheat,326.08,USD,$
2021-12-01,Wheat,324.02,USD,$
2021-11-01,Wheat,317.44,USD,$
2021-10-01,Wheat,294.04,USD,$
2021-09-01,Wheat,269.73,USD,$
2021-08-01,Wheat,274.88,USD,$
2021-07-01,Wheat,243.63,USD,$
2021-06-01,Wheat,238.77,USD,$
2021-05-01,Wheat,278.45,USD,$
2021-04-01,Wheat,239.94,USD,$
2021-03-01,Wheat,229.89,USD,$
2021-02-01,Wheat,240.81,USD,$
2021-01-01,Wheat,237.94,USD,$
2020-12-01,Wheat,217.31,USD,$
2020-11-01,Wheat,210.75,USD,$
2020-10-01,Wheat,203.43,USD,$
2020-09-01,Wheat,204.14,USD,$
2020-08-01,Wheat,174.18,USD,$
2020-07-01,Wheat,170.57,USD,$
2020-06-01,Wheat,169.72,USD,$
2020-05-01,Wheat,174.95,USD,$
2020-04-01,Wheat,179.75,USD,$
2020-03-01,Wheat,170.87,USD,$
2020-02-01,Wheat,172.23,USD,$
2020-01-01,Wheat,178.24,USD,$
2019-12-01,Wheat,165.25,USD,$
2019-11-01,Wheat,157.53,USD,$
2019-10-01,Wheat,153.22,USD,$
2019-09-01,Wheat,146.57,USD,$
2019-08-01,Wheat,149.36,USD,$
2019-07-01,Wheat,163.88,USD,$
2019-06-01,Wheat,174.7,USD,$
2019-05-01,Wheat,158.28,USD,$
2019-04-01,Wheat,159.03,USD,$
2019-03-01,Wheat,164.51,USD,$
2019-02-01,Wheat,177.92,USD,$
2019-01-01,Wheat,188.84,USD,$
2018-12-01,Wheat,188.54,USD,$
2018-11-01,Wheat,181.55,USD,$
2018-10-01,Wheat,188.46,USD,$
2018-09-01,Wheat,191.14,USD,$
2018-08-01,Wheat,211.29,USD,$
2018-07-01,Wheat,196.81,USD,$
2018-06-01,Wheat,193.08,USD,$
2018-05-01,Wheat,192.7,USD,$
2018-04-01,Wheat,180.38,USD,$
2018-03-01,Wheat,180.92,USD,$
2018-02-01,Wheat,172.29,USD,$
2018-01-01,Wheat,156.39,USD,$
2017-12-01,Wheat,147.1,USD,$
2017-11-01,Wheat,138.05,USD,$
2017-10-01,Wheat,133.34,USD,$
2017-09-01,Wheat,138.41,USD,$
2017-08-01,Wheat,139.05,USD,$
2017-07-01,Wheat,174.53,USD,$
2017-06-01,Wheat,157.25,USD,$
2017-05-01,Wheat,146.44,USD,$
2017-04-01,Wheat,138.41,USD,$
2017-03-01,Wheat,146.43,USD,$
2017-02-01,Wheat,147.36,USD,$
2017-01-01,Wheat,137.15,USD,$
2016-12-01,Wheat,122.85,USD,$
2016-11-01,Wheat,122.55,USD,$
2016-10-01,Wheat,122.56,USD,$
2016-09-01,Wheat,123.25,USD,$
2016-08-01,Wheat,127.9,USD,$
2016-07-01,Wheat,133.71,USD,$
2016-06-01,Wheat,156.7,USD,$
2016-05-01,Wheat,157.56,USD,$
2016-04-01,Wheat,163.39,USD,$
2016-03-01,Wheat,164.06,USD,$
2016-02-01,Wheat,159.28,USD,$
2016-01-01,Wheat,164.61,USD,$
2015-12-01,Wheat,163.89,USD,$
2015-11-01,Wheat,157.8,USD,$
2015-10-01,Wheat,165.45,USD,$
2015-09-01,Wheat,164.07,USD,$
2015-08-01,Wheat,173.52,USD,$
2015-07-01,Wheat,199.22,USD,$
2015-06-01,Wheat,199.84,USD,$
2015-05-01,Wheat,193.22,USD,$
2015-04-01,Wheat,195.93,USD,$
2015-03-01,Wheat,202.69,USD,$
2015-02-01,Wheat,201.74,USD,$
2015-01-01,Wheat,213.02,USD,$
2014-12-01,Wheat,234.86,USD,$
2014-11-01,Wheat,215.99,USD,$
2014-10-01,Wheat,210.72,USD,$
2014-09-01,Wheat,211.17,USD,$
2014-08-01,Wheat,229.16,USD,$
2014-07-01,Wheat,238.55,USD,$
2014-06-01,Wheat,261.65,USD,$
2014-05-01,Wheat,287.91,USD,$
2014-04-01,Wheat,276.38,USD,$
2014-03-01,Wheat,275.61,USD,$
2014-02-01,Wheat,242.8,USD,$
2014-01-01,Wheat,229.98,USD,$
2013-12-01,Wheat,246.11,USD,$
2013-11-01,Wheat,259.78,USD,$
2013-10-01,Wheat,278.15,USD,$
2013-09-01,Wheat,257.5,USD,$
2013-08-01,Wheat,258.93,USD,$
2013-07-01,Wheat,257.47,USD,$
2013-06-01,Wheat,266.85,USD,$
2013-05-01,Wheat,276.05,USD,$
2013-04-01,Wheat,264.17,USD,$
2013-03-01,Wheat,263.34,USD,$
2013-02-01,Wheat,271.68,USD,$
2013-01-01,Wheat,288.21,USD,$
2012-12-01,Wheat,303.04,USD,$
2012-11-01,Wheat,319.46,USD,$
2012-10-01,Wheat,318.41,USD,$
2012-09-01,Wheat,316.65,USD,$
2012-08-01,Wheat,315.55,USD,$
2012-07-01,Wheat,310.75,USD,$
2012-06-01,Wheat,241.97,USD,$
2012-05-01,Wheat,228.88,USD,$
2012-04-01,Wheat,228.09,USD,$
2012-03-01,Wheat,243.49,USD,$
2012-02-01,Wheat,245.98,USD,$
2012-01-01,Wheat,243.7,USD,$
2011-12-01,Wheat,236.06,USD,$
2011-11-01,Wheat,244.54,USD,$
2011-10-01,Wheat,251.59,USD,$
2011-09-01,Wheat,272.34,USD,$
2011-08-01,Wheat,288.69,USD,$
2011-07-01,Wheat,271.46,USD,$
2011-06-01,Wheat,285.3,USD,$
2011-05-01,Wheat,307.19,USD,$
2011-04-01,Wheat,307.25,USD,$
2011-03-01,Wheat,285.38,USD,$
2011-02-01,Wheat,317.6,USD,$
2011-01-01,Wheat,295.99,USD,$
2010-12-01,Wheat,274.46,USD,$
2010-11-01,Wheat,241.84,USD,$
2010-10-01,Wheat,234.6,USD,$
2010-09-01,Wheat,240.43,USD,$
2010-08-01,Wheat,219.88,USD,$
2010-07-01,Wheat,182.74,USD,$
2010-06-01,Wheat,149.21,USD,$
2010-05-01,Wheat,158.33,USD,$
2010-04-01,Wheat,156.83,USD,$
2010-03-01,Wheat,156.46,USD,$
2010-02-01,Wheat,160.16,USD,$
2010-01-01,Wheat,167.82,USD,$
2009-12-01,Wheat,171.16,USD,$
2009-11-01,Wheat,177.61,USD,$
2009-10-01,Wheat,163.73,USD,$
2009-09-01,Wheat,156.93,USD,$
2009-08-01,Wheat,179.55,USD,$
2009-07-01,Wheat,195.33,USD,$
2009-06-01,Wheat,227.31,USD,$
2009-05-01,Wheat,227.19,USD,$
2009-04-01,Wheat,200.89,USD,$
2009-03-01,Wheat,199.1,USD,$
2009-02-01,Wheat,195.22,USD,$
2009-01-01,Wheat,211.28,USD,$
2008-12-01,Wheat,188.84,USD,$
2008-11-01,Wheat,194.11,USD,$
2008-10-01,Wheat,202.77,USD,$
2008-09-01,Wheat,263.05,USD,$
2008-08-01,Wheat,304.16,USD,$
2008-07-01,Wheat,299.43,USD,$
2008-06-01,Wheat,314.16,USD,$
2008-05-01,Wheat,288.42,USD,$
2008-04-01,Wheat,326.85,USD,$
2008-03-01,Wheat,403.81,USD,$
2008-02-01,Wheat,393.87,USD,$
2008-01-01,Wheat,336.12,USD,$
2007-12-01,Wheat,339.23,USD,$
2007-11-01,Wheat,286.5,USD,$
2007-10-01,Wheat,303.63,USD,$
2007-09-01,Wheat,297.95,USD,$
2007-08-01,Wheat,240.69,USD,$
2007-07-01,Wheat,222.0,USD,$
2007-06-01,Wheat,206.52,USD,$
2007-05-01,Wheat,178.01,USD,$
2007-04-01,Wheat,178.56,USD,$
2007-03-01,Wheat,173.31,USD,$
2007-02-01,Wheat,175.27,USD,$
2007-01-01,Wheat,172.57,USD,$
2006-12-01,Wheat,179.53,USD,$
2006-11-01,Wheat,182.3,USD,$
2006-10-01,Wheat,182.43,USD,$
2006-09-01,Wheat,164.94,USD,$
2006-08-01,Wheat,165.13,USD,$
2006-07-01,Wheat,181.35,USD,$
2006-06-01,Wheat,176.92,USD,$
2006-05-01,Wheat,176.6,USD,$
2006-04-01,Wheat,161.21,USD,$
2006-03-01,Wheat,155.79,USD,$
2006-02-01,Wheat,158.89,USD,$
2006-01-01,Wheat,144.57,USD,$
2005-12-01,Wheat,139.99,USD,$
2005-11-01,Wheat,136.35,USD,$
2005-10-01,Wheat,143.07,USD,$
2005-09-01,Wheat,137.39,USD,$
2005-08-01,Wheat,131.56,USD,$
2005-07-01,Wheat,130.16,USD,$
2005-06-01,Wheat,122.47,USD,$
2005-05-01,Wheat,119.15,USD,$
2005-04-01,Wheat,120.06,USD,$
2005-03-01,Wheat,129.96,USD,$
2005-02-01,Wheat,123.13,USD,$
2005-01-01,Wheat,122.78,USD,$
2004-12-01,Wheat,123.55,USD,$
2004-11-01,Wheat,127.13,USD,$
2004-10-01,Wheat,123.06,USD,$
2004-09-01,Wheat,126.82,USD,$
2004-08-01,Wheat,122.06,USD,$
2004-07-01,Wheat,132.39,USD,$
2004-06-01,Wheat,136.86,USD,$
2004-05-01,Wheat,143.18,USD,$
2004-04-01,Wheat,146.06,USD,$
2004-03-01,Wheat,142.55,USD,$
2004-02-01,Wheat,141.73,USD,$
2004-01-01,Wheat,147.29,USD,$
2003-12-01,Wheat,145.07,USD,$
2003-11-01,Wheat,141.35,USD,$
2003-10-01,Wheat,130.06,USD,$
2003-09-01,Wheat,130.65,USD,$
2003-08-01,Wheat,133.48,USD,$
2003-07-01,Wheat,115.78,USD,$
2003-06-01,Wheat,118.16,USD,$
2003-05-01,Wheat,131.05,USD,$
2003-04-01,Wheat,126.05,USD,$
2003-03-01,Wheat,129.25,USD,$
2003-02-01,Wheat,141.66,USD,$
2003-01-01,Wheat,140.48,USD,$
2002-12-01,Wheat,149.2,USD,$
2002-11-01,Wheat,164.28,USD,$
2002-10-01,Wheat,180.04,USD,$
2002-09-01,Wheat,173.34,USD,$
2002-08-01,Wheat,149.61,USD,$
2002-07-01,Wheat,132.64,USD,$
2002-06-01,Wheat,115.41,USD,$
2002-05-01,Wheat,104.1,USD,$
2002-04-01,Wheat,104.8,USD,$
2002-03-01,Wheat,102.55,USD,$
2002-02-01,Wheat,103.84,USD,$
2002-01-01,Wheat,106.19,USD,$
2001-12-01,Wheat,104.37,USD,$
2001-11-01,Wheat,106.8,USD,$
2001-10-01,Wheat,104.83,USD,$
2001-09-01,Wheat,103.18,USD,$
2001-08-01,Wheat,104.22,USD,$
2001-07-01,Wheat,108.34,USD,$
2001-06-01,Wheat,109.43,USD,$
2001-05-01,Wheat,110.77,USD,$
2001-04-01,Wheat,106.15,USD,$
2001-03-01,Wheat,105.57,USD,$
2001-02-01,Wheat,103.32,USD,$
2001-01-01,Wheat,109.48,USD,$
2000-12-01,Wheat,113.74,USD,$
2000-11-01,Wheat,105.04,USD,$
2000-10-01,Wheat,107.78,USD,$
2000-09-01,Wheat,103.44,USD,$
2000-08-01,Wheat,96.65,USD,$
2000-07-01,Wheat,97.13,USD,$
2000-06-01,Wheat,103.37,USD,$
2000-05-01,Wheat,99.11,USD,$
2000-04-01,Wheat,94.43,USD,$
2000-03-01,Wheat,96.4,USD,$
2000-02-01,Wheat,98.17,USD,$
2000-01-01,Wheat,93.62,USD,$
1999-12-01,Wheat,90.44,USD,$
1999-11-01,Wheat,91.68,USD,$
1999-10-01,Wheat,88.55,USD,$
1999-09-01,Wheat,94.8,USD,$
1999-08-01,Wheat,98.02,USD,$
1999-07-01,Wheat,93.01,USD,$
1999-06-01,Wheat,99.94,USD,$
1999-05-01,Wheat,99.61,USD,$
1999-04-01,Wheat,102.33,USD,$
1999-03-01,Wheat,104.58,USD,$
1999-02-01,Wheat,104.28,USD,$
1999-01-01,Wheat,111.89,USD,$
1998-12-01,Wheat,111.8,USD,$
1998-11-01,Wheat,115.61,USD,$
1998-10-01,Wheat,112.16,USD,$
1998-09-01,Wheat,97.57,USD,$
1998-08-01,Wheat,97.0,USD,$
1998-07-01,Wheat,106.62,USD,$
1998-06-01,Wheat,112.37,USD,$
1998-05-01,Wheat,118.35,USD,$
1998-04-01,Wheat,118.2,USD,$
1998-03-01,Wheat,128.24,USD,$
1998-02-01,Wheat,128.31,USD,$
1998-01-01,Wheat,127.35,USD,$
1997-12-01,Wheat,129.73,USD,$
1997-11-01,Wheat,135.38,USD,$
1997-10-01,Wheat,136.21,USD,$
1997-09-01,Wheat,138.24,USD,$
1997-08-01,Wheat,139.35,USD,$
1997-07-01,Wheat,130.41,USD,$
1997-06-01,Wheat,141.2,USD,$
1997-05-01,Wheat,168.4,USD,$
1997-04-01,Wheat,175.57,USD,$
1997-03-01,Wheat,167.71,USD,$
1997-02-01,Wheat,164.17,USD,$
1997-01-01,Wheat,167.79,USD,$
1996-12-01,Wheat,167.83,USD,$
1996-11-01,Wheat,169.27,USD,$
1996-10-01,Wheat,169.6,USD,$
1996-09-01,Wheat,170.98,USD,$
1996-08-01,Wheat,181.5,USD,$
1996-07-01,Wheat,196.39,USD,$
1996-06-01,Wheat,215.23,USD,$
1996-05-01,Wheat,248.59,USD,$
1996-04-01,Wheat,239.52,USD,$
1996-03-01,Wheat,205.26,USD,$
1996-02-01,Wheat,206.17,USD,$
1996-01-01,Wheat,196.43,USD,$
1995-12-01,Wheat,208.92,USD,$
1995-11-01,Wheat,204.07,USD,$
1995-10-01,Wheat,203.79,USD,$
1995-09-01,Wheat,193.67,USD,$
1995-08-01,Wheat,184.39,USD,$
1995-07-01,Wheat,190.09,USD,$
1995-06-01,Wheat,169.98,USD,$
1995-05-01,Wheat,158.61,USD,$
1995-04-01,Wheat,148.98,USD,$
1995-03-01,Wheat,150.39,USD,$
1995-02-01,Wheat,154.42,USD,$
1995-01-01,Wheat,156.21,USD,$
1994-12-01,Wheat,164.62,USD,$
1994-11-01,Wheat,161.99,USD,$
1994-10-01,Wheat,167.19,USD,$
1994-09-01,Wheat,158.79,USD,$
1994-08-01,Wheat,146.02,USD,$
1994-07-01,Wheat,137.6,USD,$
1994-06-01,Wheat,139.3,USD,$
1994-05-01,Wheat,140.15,USD,$
1994-04-01,Wheat,140.45,USD,$
1994-03-01,Wheat,141.04,USD,$
1994-02-01,Wheat,147.04,USD,$
1994-01-01,Wheat,153.21,USD,$
1993-12-01,Wheat,158.65,USD,$
1993-11-01,Wheat,146.5,USD,$
1993-10-01,Wheat,135.96,USD,$
1993-09-01,Wheat,131.29,USD,$
1993-08-01,Wheat,129.8,USD,$
1993-07-01,Wheat,127.52,USD,$
1993-06-01,Wheat,121.82,USD,$
1993-05-01,Wheat,136.58,USD,$
1993-04-01,Wheat,141.99,USD,$
1993-03-01,Wheat,147.9,USD,$
1993-02-01,Wheat,148.88,USD,$
1993-01-01,Wheat,155.65,USD,$
1992-12-01,Wheat,147.83,USD,$
1992-11-01,Wheat,147.57,USD,$
1992-10-01,Wheat,140.58,USD,$
1992-09-01,Wheat,138.74,USD,$
1992-08-01,Wheat,128.17,USD,$
1992-07-01,Wheat,136.32,USD,$
1992-06-01,Wheat,148.67,USD,$
1992-05-01,Wheat,149.69,USD,$
1992-04-01,Wheat,159.93,USD,$
1992-03-01,Wheat,169.35,USD,$
1992-02-01,Wheat,177.13,USD,$
1992-01-01,Wheat,169.95,USD,$
1991-12-01,Wheat,160.84,USD,$
1991-11-01,Wheat,149.54,USD,$
1991-10-01,Wheat,146.89,USD,$
1991-09-01,Wheat,135.37,USD,$
1991-08-01,Wheat,125.33,USD,$
1991-07-01,Wheat,118.21,USD,$
1991-06-01,Wheat,120.15,USD,$
1991-05-01,Wheat,122.04,USD,$
1991-04-01,Wheat,120.89,USD,$
1991-03-01,Wheat,119.42,USD,$
1991-02-01,Wheat,113.91,USD,$
1991-01-01,Wheat,111.33,USD,$
1990-12-01,Wheat,113.17,USD,$
1990-11-01,Wheat,112.8,USD,$
1990-10-01,Wheat,114.64,USD,$
1990-09-01,Wheat,114.27,USD,$
1990-08-01,Wheat,116.84,USD,$
1990-07-01,Wheat,124.93,USD,$
1990-06-01,Wheat,135.58,USD,$
1990-05-01,Wheat,149.18,USD,$
1990-04-01,Wheat,159.47,USD,$
1990-03-01,Wheat,156.53,USD,$
1990-02-01,Wheat,160.94,USD,$
1990-01-01,Wheat,167.92,USD,$
1989-12-01,Wheat,,USD,$
1989-11-01,Wheat,,USD,$
1989-10-01,Wheat,,USD,$
1989-09-01,Wheat,,USD,$
1989-08-01,Wheat,,USD,$
1989-07-01,Wheat,,USD,$
1989-06-01,Wheat,,USD,$
1989-05-01,Wheat,,USD,$
1989-04-01,Wheat,,USD,$
1989-03-01,Wheat,,USD,$
1989-02-01,Wheat,,USD,$
1989-01-01,Wheat,,USD,$
1988-12-01,Wheat,,USD,$
1988-11-01,Wheat,,USD,$
1988-10-01,Wheat,,USD,$
1988-09-01,Wheat,,USD,$
1988-08-01,Wheat,,USD,$
1988-07-01,Wheat,,USD,$
1988-06-01,Wheat,,USD,$
1988-05-01,Wheat,,USD,$
1988-04-01,Wheat,,USD,$
1988-03-01,Wheat,,USD,$
1988-02-01,Wheat,,USD,$
1988-01-01,Wheat,,USD,$
1987-12-01,Wheat,,USD,$
1987-11-01,Wheat,,USD,$
1987-10-01,Wheat,,USD,$
1987-09-01,Wheat,,USD,$
1987-08-01,Wheat,,USD,$
1987-07-01,Wheat,,USD,$
1987-06-01,Wheat,,USD,$
1987-05-01,Wheat,,USD,$
2023-02-01,Corn,298.25,USD,$
2023-01-01,Corn,302.84,USD,$
2022-12-01,Corn,302.24,USD,$
2022-11-01,Corn,320.93,USD,$
2022-10-01,Corn,343.55,USD,$
2022-09-01,Corn,312.55,USD,$
2022-08-01,Corn,293.93,USD,$
2022-07-01,Corn,312.68,USD,$
2022-06-01,Corn,335.72,USD,$
2022-05-01,Corn,344.91,USD,$
2022-04-01,Corn,348.51,USD,$
2022-03-01,Corn,335.93,USD,$
2022-02-01,Corn,292.67,USD,$
2022-01-01,Corn,276.72,USD,$
2021-12-01,Corn,264.57,USD,$
2021-11-01,Corn,248.77,USD,$
2021-10-01,Corn,239.6,USD,$
2021-09-01,Corn,235.82,USD,$
2021-08-01,Corn,257.02,USD,$
2021-07-01,Corn,278.45,USD,$
2021-06-01,Corn,292.52,USD,$
2021-05-01,Corn,304.3,USD,$
2021-04-01,Corn,268.62,USD,$
2021-03-01,Corn,245.76,USD,$
2021-02-01,Corn,245.55,USD,$
2021-01-01,Corn,231.75,USD,$
2020-12-01,Corn,199.18,USD,$
2020-11-01,Corn,190.63,USD,$
2020-10-01,Corn,186.77,USD,$
2020-09-01,Corn,166.6,USD,$
2020-08-01,Corn,149.39,USD,$
2020-07-01,Corn,152.59,USD,$
2020-06-01,Corn,148.04,USD,$
2020-05-01,Corn,143.99,USD,$
2020-04-01,Corn,147.01,USD,$
2020-03-01,Corn,162.18,USD,$
2020-02-01,Corn,168.74,USD,$
2020-01-01,Corn,171.81,USD,$
2019-12-01,Corn,167.06,USD,$
2019-11-01,Corn,166.36,USD,$
2019-10-01,Corn,167.3,USD,$
2019-09-01,Corn,157.37,USD,$
2019-08-01,Corn,163.63,USD,$
2019-07-01,Corn,189.49,USD,$
2019-06-01,Corn,195.17,USD,$
2019-05-01,Corn,171.18,USD,$
2019-04-01,Corn,161.65,USD,$
2019-03-01,Corn,166.32,USD,$
2019-02-01,Corn,169.66,USD,$
2019-01-01,Corn,166.85,USD,$
2018-12-01,Corn,167.49,USD,$
2018-11-01,Corn,160.88,USD,$
2018-10-01,Corn,160.37,USD,$
2018-09-01,Corn,154.95,USD,$
2018-08-01,Corn,162.52,USD,$
2018-07-01,Corn,156.55,USD,$
2018-06-01,Corn,165.14,USD,$
2018-05-01,Corn,179.18,USD,$
2018-04-01,Corn,175.6,USD,$
2018-03-01,Corn,172.08,USD,$
2018-02-01,Corn,163.46,USD,$
2018-01-01,Corn,155.92,USD,$
2017-12-01,Corn,149.09,USD,$
2017-11-01,Corn,148.79,USD,$
2017-10-01,Corn,148.72,USD,$
2017-09-01,Corn,147.32,USD,$
2017-08-01,Corn,148.54,USD,$
2017-07-01,Corn,157.61,USD,$
2017-06-01,Corn,157.97,USD,$
2017-05-01,Corn,158.6,USD,$
2017-04-01,Corn,156.54,USD,$
2017-03-01,Corn,158.98,USD,$
2017-02-01,Corn,162.96,USD,$
2017-01-01,Corn,160.01,USD,$
2016-12-01,Corn,152.73,USD,$
2016-11-01,Corn,151.33,USD,$
2016-10-01,Corn,152.62,USD,$
2016-09-01,Corn,148.51,USD,$
2016-08-01,Corn,150.22,USD,$
2016-07-01,Corn,161.82,USD,$
2016-06-01,Corn,179.91,USD,$
2016-05-01,Corn,169.0,USD,$
2016-04-01,Corn,164.47,USD,$
2016-03-01,Corn,159.23,USD,$
2016-02-01,Corn,159.72,USD,$
2016-01-01,Corn,161.1,USD,$
2015-12-01,Corn,164.0,USD,$
2015-11-01,Corn,166.09,USD,$
2015-10-01,Corn,171.45,USD,$
2015-09-01,Corn,166.08,USD,$
2015-08-01,Corn,162.74,USD,$
2015-07-01,Corn,179.61,USD,$
2015-06-01,Corn,166.81,USD,$
2015-05-01,Corn,166.35,USD,$
2015-04-01,Corn,172.15,USD,$
2015-03-01,Corn,174.29,USD,$
2015-02-01,Corn,173.76,USD,$
2015-01-01,Corn,174.79,USD,$
2014-12-01,Corn,178.71,USD,$
2014-11-01,Corn,178.71,USD,$
2014-10-01,Corn,163.38,USD,$
2014-09-01,Corn,163.13,USD,$
2014-08-01,Corn,176.48,USD,$
2014-07-01,Corn,182.29,USD,$
2014-06-01,Corn,202.63,USD,$
2014-05-01,Corn,216.98,USD,$
2014-04-01,Corn,222.43,USD,$
2014-03-01,Corn,222.39,USD,$
2014-02-01,Corn,209.36,USD,$
2014-01-01,Corn,198.77,USD,$
2013-12-01,Corn,197.55,USD,$
2013-11-01,Corn,199.18,USD,$
2013-10-01,Corn,201.78,USD,$
2013-09-01,Corn,207.49,USD,$
2013-08-01,Corn,234.94,USD,$
2013-07-01,Corn,279.01,USD,$
2013-06-01,Corn,297.11,USD,$
2013-05-01,Corn,295.37,USD,$
2013-04-01,Corn,279.76,USD,$
2013-03-01,Corn,309.58,USD,$
2013-02-01,Corn,302.61,USD,$
2013-01-01,Corn,303.36,USD,$
2012-12-01,Corn,308.75,USD,$
2012-11-01,Corn,321.6,USD,$
2012-10-01,Corn,321.38,USD,$
2012-09-01,Corn,320.71,USD,$
2012-08-01,Corn,332.23,USD,$
2012-07-01,Corn,333.0,USD,$
2012-06-01,Corn,267.33,USD,$
2012-05-01,Corn,268.88,USD,$
2012-04-01,Corn,274.22,USD,$
2012-03-01,Corn,280.72,USD,$
2012-02-01,Corn,279.51,USD,$
2012-01-01,Corn,272.92,USD,$
2011-12-01,Corn,258.52,USD,$
2011-11-01,Corn,274.28,USD,$
2011-10-01,Corn,274.85,USD,$
2011-09-01,Corn,296.3,USD,$
2011-08-01,Corn,310.31,USD,$
2011-07-01,Corn,300.83,USD,$
2011-06-01,Corn,310.54,USD,$
2011-05-01,Corn,308.58,USD,$
2011-04-01,Corn,318.94,USD,$
2011-03-01,Corn,290.43,USD,$
2011-02-01,Corn,293.4,USD,$
2011-01-01,Corn,265.29,USD,$
2010-12-01,Corn,250.63,USD,$
2010-11-01,Corn,238.24,USD,$
2010-10-01,Corn,235.7,USD,$
2010-09-01,Corn,205.84,USD,$
2010-08-01,Corn,175.6,USD,$
2010-07-01,Corn,163.92,USD,$
2010-06-01,Corn,152.87,USD,$
2010-05-01,Corn,163.24,USD,$
2010-04-01,Corn,157.27,USD,$
2010-03-01,Corn,158.93,USD,$
2010-02-01,Corn,161.91,USD,$
2010-01-01,Corn,167.34,USD,$
2009-12-01,Corn,164.61,USD,$
2009-11-01,Corn,171.69,USD,$
2009-10-01,Corn,167.28,USD,$
2009-09-01,Corn,150.59,USD,$
2009-08-01,Corn,152.04,USD,$
2009-07-01,Corn,151.8,USD,$
2009-06-01,Corn,179.39,USD,$
2009-05-01,Corn,180.07,USD,$
2009-04-01,Corn,168.8,USD,$
2009-03-01,Corn,164.58,USD,$
2009-02-01,Corn,163.4,USD,$
2009-01-01,Corn,173.3,USD,$
2008-12-01,Corn,158.91,USD,$
2008-11-01,Corn,164.3,USD,$
2008-10-01,Corn,183.02,USD,$
2008-09-01,Corn,233.95,USD,$
2008-08-01,Corn,235.16,USD,$
2008-07-01,Corn,267.14,USD,$
2008-06-01,Corn,287.13,USD,$
2008-05-01,Corn,243.53,USD,$
2008-04-01,Corn,246.64,USD,$
2008-03-01,Corn,233.93,USD,$
2008-02-01,Corn,220.05,USD,$
2008-01-01,Corn,206.56,USD,$
2007-12-01,Corn,180.28,USD,$
2007-11-01,Corn,171.11,USD,$
2007-10-01,Corn,164.11,USD,$
2007-09-01,Corn,160.13,USD,$
2007-08-01,Corn,151.03,USD,$
2007-07-01,Corn,147.22,USD,$
2007-06-01,Corn,164.54,USD,$
2007-05-01,Corn,160.14,USD,$
2007-04-01,Corn,152.63,USD,$
2007-03-01,Corn,169.58,USD,$
2007-02-01,Corn,177.38,USD,$
2007-01-01,Corn,165.16,USD,$
2006-12-01,Corn,160.72,USD,$
2006-11-01,Corn,164.11,USD,$
2006-10-01,Corn,142.26,USD,$
2006-09-01,Corn,120.27,USD,$
2006-08-01,Corn,115.28,USD,$
2006-07-01,Corn,114.31,USD,$
2006-06-01,Corn,109.61,USD,$
2006-05-01,Corn,110.62,USD,$
2006-04-01,Corn,107.91,USD,$
2006-03-01,Corn,104.95,USD,$
2006-02-01,Corn,106.94,USD,$
2006-01-01,Corn,102.79,USD,$
2005-12-01,Corn,102.68,USD,$
2005-11-01,Corn,95.98,USD,$
2005-10-01,Corn,101.55,USD,$
2005-09-01,Corn,97.07,USD,$
2005-08-01,Corn,99.29,USD,$
2005-07-01,Corn,105.66,USD,$
2005-06-01,Corn,97.62,USD,$
2005-05-01,Corn,95.36,USD,$
2005-04-01,Corn,96.47,USD,$
2005-03-01,Corn,100.01,USD,$
2005-02-01,Corn,94.36,USD,$
2005-01-01,Corn,96.04,USD,$
2004-12-01,Corn,95.61,USD,$
2004-11-01,Corn,93.76,USD,$
2004-10-01,Corn,93.42,USD,$
2004-09-01,Corn,97.73,USD,$
2004-08-01,Corn,104.09,USD,$
2004-07-01,Corn,104.49,USD,$
2004-06-01,Corn,123.28,USD,$
2004-05-01,Corn,129.29,USD,$
2004-04-01,Corn,133.44,USD,$
2004-03-01,Corn,128.46,USD,$
2004-02-01,Corn,122.93,USD,$
2004-01-01,Corn,116.25,USD,$
2003-12-01,Corn,111.99,USD,$
2003-11-01,Corn,108.1,USD,$
2003-10-01,Corn,104.21,USD,$
2003-09-01,Corn,103.24,USD,$
2003-08-01,Corn,100.35,USD,$
2003-07-01,Corn,97.67,USD,$
2003-06-01,Corn,107.03,USD,$
2003-05-01,Corn,107.91,USD,$
2003-04-01,Corn,105.34,USD,$
2003-03-01,Corn,105.13,USD,$
2003-02-01,Corn,106.14,USD,$
2003-01-01,Corn,105.84,USD,$
2002-12-01,Corn,107.01,USD,$
2002-11-01,Corn,108.65,USD,$
2002-10-01,Corn,109.65,USD,$
2002-09-01,Corn,113.94,USD,$
2002-08-01,Corn,109.89,USD,$
2002-07-01,Corn,99.7,USD,$
2002-06-01,Corn,93.17,USD,$
2002-05-01,Corn,90.33,USD,$
2002-04-01,Corn,87.11,USD,$
2002-03-01,Corn,89.86,USD,$
2002-02-01,Corn,90.73,USD,$
2002-01-01,Corn,91.97,USD,$
2001-12-01,Corn,92.31,USD,$
2001-11-01,Corn,89.88,USD,$
2001-10-01,Corn,86.27,USD,$
2001-09-01,Corn,89.74,USD,$
2001-08-01,Corn,92.88,USD,$
2001-07-01,Corn,90.75,USD,$
2001-06-01,Corn,83.16,USD,$
2001-05-01,Corn,85.08,USD,$
2001-04-01,Corn,87.55,USD,$
2001-03-01,Corn,91.01,USD,$
2001-02-01,Corn,92.38,USD,$
2001-01-01,Corn,94.3,USD,$
2000-12-01,Corn,96.22,USD,$
2000-11-01,Corn,88.94,USD,$
2000-10-01,Corn,84.71,USD,$
2000-09-01,Corn,80.15,USD,$
2000-08-01,Corn,75.24,USD,$
2000-07-01,Corn,75.06,USD,$
2000-06-01,Corn,84.04,USD,$
2000-05-01,Corn,95.53,USD,$
2000-04-01,Corn,95.54,USD,$
2000-03-01,Corn,95.17,USD,$
2000-02-01,Corn,95.08,USD,$
2000-01-01,Corn,92.95,USD,$
1999-12-01,Corn,87.22,USD,$
1999-11-01,Corn,85.41,USD,$
1999-10-01,Corn,85.65,USD,$
1999-09-01,Corn,87.12,USD,$
1999-08-01,Corn,86.38,USD,$
1999-07-01,Corn,83.6,USD,$
1999-06-01,Corn,92.95,USD,$
1999-05-01,Corn,92.72,USD,$
1999-04-01,Corn,94.04,USD,$
1999-03-01,Corn,96.43,USD,$
1999-02-01,Corn,94.56,USD,$
1999-01-01,Corn,97.45,USD,$
1998-12-01,Corn,95.32,USD,$
1998-11-01,Corn,97.38,USD,$
1998-10-01,Corn,95.49,USD,$
1998-09-01,Corn,85.71,USD,$
1998-08-01,Corn,88.36,USD,$
1998-07-01,Corn,100.9,USD,$
1998-06-01,Corn,101.75,USD,$
1998-05-01,Corn,105.97,USD,$
1998-04-01,Corn,106.69,USD,$
1998-03-01,Corn,113.84,USD,$
1998-02-01,Corn,113.62,USD,$
1998-01-01,Corn,114.37,USD,$
1997-12-01,Corn,113.6,USD,$
1997-11-01,Corn,117.4,USD,$
1997-10-01,Corn,120.24,USD,$
1997-09-01,Corn,112.24,USD,$
1997-08-01,Corn,111.95,USD,$
1997-07-01,Corn,106.42,USD,$
1997-06-01,Corn,112.58,USD,$
1997-05-01,Corn,118.61,USD,$
1997-04-01,Corn,124.71,USD,$
1997-03-01,Corn,127.86,USD,$
1997-02-01,Corn,121.75,USD,$
1997-01-01,Corn,118.7,USD,$
1996-12-01,Corn,116.84,USD,$
1996-11-01,Corn,117.14,USD,$
1996-10-01,Corn,128.61,USD,$
1996-09-01,Corn,145.24,USD,$
1996-08-01,Corn,186.82,USD,$
1996-07-01,Corn,197.62,USD,$
1996-06-01,Corn,196.64,USD,$
1996-05-01,Corn,204.0,USD,$
1996-04-01,Corn,189.03,USD,$
1996-03-01,Corn,170.96,USD,$
1996-02-01,Corn,164.71,USD,$
1996-01-01,Corn,156.67,USD,$
1995-12-01,Corn,148.19,USD,$
1995-11-01,Corn,143.21,USD,$
1995-10-01,Corn,140.82,USD,$
1995-09-01,Corn,130.51,USD,$
1995-08-01,Corn,126.3,USD,$
1995-07-01,Corn,127.31,USD,$
1995-06-01,Corn,120.01,USD,$
1995-05-01,Corn,111.93,USD,$
1995-04-01,Corn,109.64,USD,$
1995-03-01,Corn,109.63,USD,$
1995-02-01,Corn,106.98,USD,$
1995-01-01,Corn,106.9,USD,$
1994-12-01,Corn,102.56,USD,$
1994-11-01,Corn,95.61,USD,$
1994-10-01,Corn,96.11,USD,$
1994-09-01,Corn,97.61,USD,$
1994-08-01,Corn,96.16,USD,$
1994-07-01,Corn,98.73,USD,$
1994-06-01,Corn,112.08,USD,$
1994-05-01,Corn,110.6,USD,$
1994-04-01,Corn,113.42,USD,$
1994-03-01,Corn,120.11,USD,$
1994-02-01,Corn,123.65,USD,$
1994-01-01,Corn,126.72,USD,$
1993-12-01,Corn,121.23,USD,$
1993-11-01,Corn,115.93,USD,$
1993-10-01,Corn,105.77,USD,$
1993-09-01,Corn,101.03,USD,$
1993-08-01,Corn,100.31,USD,$
1993-07-01,Corn,101.89,USD,$
1993-06-01,Corn,92.73,USD,$
1993-05-01,Corn,99.22,USD,$
1993-04-01,Corn,100.49,USD,$
1993-03-01,Corn,97.54,USD,$
1993-02-01,Corn,94.25,USD,$
1993-01-01,Corn,94.1,USD,$
1992-12-01,Corn,94.04,USD,$
1992-11-01,Corn,95.17,USD,$
1992-10-01,Corn,94.56,USD,$
1992-09-01,Corn,98.22,USD,$
1992-08-01,Corn,97.54,USD,$
1992-07-01,Corn,102.39,USD,$
1992-06-01,Corn,110.2,USD,$
1992-05-01,Corn,109.18,USD,$
1992-04-01,Corn,109.06,USD,$
1992-03-01,Corn,116.68,USD,$
1992-02-01,Corn,113.92,USD,$
1992-01-01,Corn,109.59,USD,$
1991-12-01,Corn,106.72,USD,$
1991-11-01,Corn,106.8,USD,$
1991-10-01,Corn,109.52,USD,$
1991-09-01,Corn,108.85,USD,$
1991-08-01,Corn,110.12,USD,$
1991-07-01,Corn,105.73,USD,$
1991-06-01,Corn,105.11,USD,$
1991-05-01,Corn,105.74,USD,$
1991-04-01,Corn,110.23,USD,$
1991-03-01,Corn,109.05,USD,$
1991-02-01,Corn,106.29,USD,$
1991-01-01,Corn,105.51,USD,$
1990-12-01,Corn,102.36,USD,$
1990-11-01,Corn,100.0,USD,$
1990-10-01,Corn,100.0,USD,$
1990-09-01,Corn,102.36,USD,$
1990-08-01,Corn,109.84,USD,$
1990-07-01,Corn,114.96,USD,$
1990-06-01,Corn,120.07,USD,$
1990-05-01,Corn,121.25,USD,$
1990-04-01,Corn,118.5,USD,$
1990-03-01,Corn,109.84,USD,$
1990-02-01,Corn,106.29,USD,$
1990-01-01,Corn,105.9,USD,$
1989-12-01,Corn,,USD,$
1989-11-01,Corn,,USD,$
1989-10-01,Corn,,USD,$
1989-09-01,Corn,,USD,$
1989-08-01,Corn,,USD,$
1989-07-01,Corn,,USD,$
1989-06-01,Corn,,USD,$
1989-05-01,Corn,,USD,$
1989-04-01,Corn,,USD,$
1989-03-01,Corn,,USD,$
1989-02-01,Corn,,USD,$
1989-01-01,Corn,,USD,$
1988-12-01,Corn,,USD,$
1988-11-01,Corn,,USD,$
1988-10-01,Corn,,USD,$
1988-09-01,Corn,,USD,$
1988-08-01,Corn,,USD,$
1988-07-01,Corn,,USD,$
1988-06-01,Corn,,USD,$
1988-05-01,Corn,,USD,$
1988-04-01,Corn,,USD,$
1988-03-01,Corn,,USD,$
1988-02-01,Corn,,USD,$
1988-01-01,Corn,,USD,$
1987-12-01,Corn,,USD,$
1987-11-01,Corn,,USD,$
1987-10-01,Corn,,USD,$
1987-09-01,Corn,,USD,$
1987-08-01,Corn,,USD,$
1987-07-01,Corn,,USD,$
1987-06-01,Corn,,USD,$
1987-05-01,Corn,,USD,$
2023-02-01,Cotton,99.43,USD,$
2023-01-01,Cotton,100.31,USD,$
2022-12-01,Cotton,100.89,USD,$
2022-11-01,Cotton,101.17,USD,$
2022-10-01,Cotton,100.28,USD,$
2022-09-01,Cotton,117.94,USD,$
2022-08-01,Cotton,124.76,USD,$
2022-07-01,Cotton,131.04,USD,$
2022-06-01,Cotton,154.45,USD,$
2022-05-01,Cotton,163.98,USD,$
2022-04-01,Cotton,155.32,USD,$
2022-03-01,Cotton,141.13,USD,$
2022-02-01,Cotton,138.4,USD,$
2022-01-01,Cotton,132.33,USD,$
2021-12-01,Cotton,120.04,USD,$
2021-11-01,Cotton,126.54,USD,$
2021-10-01,Cotton,117.38,USD,$
2021-09-01,Cotton,103.68,USD,$
2021-08-01,Cotton,101.3,USD,$
2021-07-01,Cotton,97.7,USD,$
2021-06-01,Cotton,94.5,USD,$
2021-05-01,Cotton,90.89,USD,$
2021-04-01,Cotton,90.73,USD,$
2021-03-01,Cotton,91.45,USD,$
2021-02-01,Cotton,92.76,USD,$
2021-01-01,Cotton,87.24,USD,$
2020-12-01,Cotton,81.02,USD,$
2020-11-01,Cotton,77.72,USD,$
2020-10-01,Cotton,74.82,USD,$
2020-09-01,Cotton,70.81,USD,$
2020-08-01,Cotton,70.0,USD,$
2020-07-01,Cotton,68.52,USD,$
2020-06-01,Cotton,67.8,USD,$
2020-05-01,Cotton,65.7,USD,$
2020-04-01,Cotton,63.53,USD,$
2020-03-01,Cotton,67.69,USD,$
2020-02-01,Cotton,76.57,USD,$
2020-01-01,Cotton,79.07,USD,$
2019-12-01,Cotton,75.83,USD,$
2019-11-01,Cotton,74.86,USD,$
2019-10-01,Cotton,73.88,USD,$
2019-09-01,Cotton,71.31,USD,$
2019-08-01,Cotton,70.78,USD,$
2019-07-01,Cotton,75.54,USD,$
2019-06-01,Cotton,77.65,USD,$
2019-05-01,Cotton,80.14,USD,$
2019-04-01,Cotton,87.25,USD,$
2019-03-01,Cotton,83.81,USD,$
2019-02-01,Cotton,81.15,USD,$
2019-01-01,Cotton,82.35,USD,$
2018-12-01,Cotton,86.0,USD,$
2018-11-01,Cotton,86.78,USD,$
2018-10-01,Cotton,86.8,USD,$
2018-09-01,Cotton,90.36,USD,$
2018-08-01,Cotton,94.55,USD,$
2018-07-01,Cotton,96.18,USD,$
2018-06-01,Cotton,97.71,USD,$
2018-05-01,Cotton,94.48,USD,$
2018-04-01,Cotton,92.24,USD,$
2018-03-01,Cotton,92.14,USD,$
2018-02-01,Cotton,88.27,USD,$
2018-01-01,Cotton,91.06,USD,$
2017-12-01,Cotton,85.42,USD,$
2017-11-01,Cotton,80.41,USD,$
2017-10-01,Cotton,78.6,USD,$
2017-09-01,Cotton,80.6,USD,$
2017-08-01,Cotton,79.34,USD,$
2017-07-01,Cotton,84.09,USD,$
2017-06-01,Cotton,84.76,USD,$
2017-05-01,Cotton,88.64,USD,$
2017-04-01,Cotton,87.04,USD,$
2017-03-01,Cotton,86.78,USD,$
2017-02-01,Cotton,85.16,USD,$
2017-01-01,Cotton,82.33,USD,$
2016-12-01,Cotton,79.5,USD,$
2016-11-01,Cotton,78.92,USD,$
2016-10-01,Cotton,78.52,USD,$
2016-09-01,Cotton,77.86,USD,$
2016-08-01,Cotton,80.26,USD,$
2016-07-01,Cotton,81.06,USD,$
2016-06-01,Cotton,74.1,USD,$
2016-05-01,Cotton,70.28,USD,$
2016-04-01,Cotton,69.28,USD,$
2016-03-01,Cotton,65.46,USD,$
2016-02-01,Cotton,66.57,USD,$
2016-01-01,Cotton,68.75,USD,$
2015-12-01,Cotton,70.39,USD,$
2015-11-01,Cotton,69.22,USD,$
2015-10-01,Cotton,69.03,USD,$
2015-09-01,Cotton,68.74,USD,$
2015-08-01,Cotton,71.82,USD,$
2015-07-01,Cotton,72.35,USD,$
2015-06-01,Cotton,72.35,USD,$
2015-05-01,Cotton,72.86,USD,$
2015-04-01,Cotton,71.7,USD,$
2015-03-01,Cotton,69.35,USD,$
2015-02-01,Cotton,69.84,USD,$
2015-01-01,Cotton,67.35,USD,$
2014-12-01,Cotton,68.3,USD,$
2014-11-01,Cotton,67.53,USD,$
2014-10-01,Cotton,70.34,USD,$
2014-09-01,Cotton,73.38,USD,$
2014-08-01,Cotton,74.0,USD,$
2014-07-01,Cotton,83.84,USD,$
2014-06-01,Cotton,90.9,USD,$
2014-05-01,Cotton,92.71,USD,$
2014-04-01,Cotton,94.2,USD,$
2014-03-01,Cotton,96.95,USD,$
2014-02-01,Cotton,94.05,USD,$
2014-01-01,Cotton,90.96,USD,$
2013-12-01,Cotton,87.49,USD,$
2013-11-01,Cotton,84.65,USD,$
2013-10-01,Cotton,89.35,USD,$
2013-09-01,Cotton,90.09,USD,$
2013-08-01,Cotton,92.71,USD,$
2013-07-01,Cotton,92.62,USD,$
2013-06-01,Cotton,93.08,USD,$
2013-05-01,Cotton,92.62,USD,$
2013-04-01,Cotton,92.54,USD,$
2013-03-01,Cotton,94.45,USD,$
2013-02-01,Cotton,89.71,USD,$
2013-01-01,Cotton,85.51,USD,$
2012-12-01,Cotton,83.37,USD,$
2012-11-01,Cotton,80.87,USD,$
2012-10-01,Cotton,81.95,USD,$
2012-09-01,Cotton,84.15,USD,$
2012-08-01,Cotton,84.4,USD,$
2012-07-01,Cotton,83.97,USD,$
2012-06-01,Cotton,82.18,USD,$
2012-05-01,Cotton,88.53,USD,$
2012-04-01,Cotton,100.1,USD,$
2012-03-01,Cotton,99.5,USD,$
2012-02-01,Cotton,100.75,USD,$
2012-01-01,Cotton,101.11,USD,$
2011-12-01,Cotton,95.44,USD,$
2011-11-01,Cotton,104.68,USD,$
2011-10-01,Cotton,110.61,USD,$
2011-09-01,Cotton,116.88,USD,$
2011-08-01,Cotton,114.1,USD,$
2011-07-01,Cotton,149.25,USD,$
2011-06-01,Cotton,164.92,USD,$
2011-05-01,Cotton,165.52,USD,$
2011-04-01,Cotton,216.62,USD,$
2011-03-01,Cotton,229.67,USD,$
2011-02-01,Cotton,213.18,USD,$
2011-01-01,Cotton,178.93,USD,$
2010-12-01,Cotton,168.22,USD,$
2010-11-01,Cotton,155.47,USD,$
2010-10-01,Cotton,126.55,USD,$
2010-09-01,Cotton,104.73,USD,$
2010-08-01,Cotton,90.35,USD,$
2010-07-01,Cotton,84.15,USD,$
2010-06-01,Cotton,91.68,USD,$
2010-05-01,Cotton,90.07,USD,$
2010-04-01,Cotton,88.08,USD,$
2010-03-01,Cotton,85.79,USD,$
2010-02-01,Cotton,80.05,USD,$
2010-01-01,Cotton,77.39,USD,$
2009-12-01,Cotton,76.78,USD,$
2009-11-01,Cotton,71.78,USD,$
2009-10-01,Cotton,66.82,USD,$
2009-09-01,Cotton,64.07,USD,$
2009-08-01,Cotton,64.26,USD,$
2009-07-01,Cotton,64.8,USD,$
2009-06-01,Cotton,61.39,USD,$
2009-05-01,Cotton,61.95,USD,$
2009-04-01,Cotton,56.78,USD,$
2009-03-01,Cotton,51.5,USD,$
2009-02-01,Cotton,55.21,USD,$
2009-01-01,Cotton,57.7,USD,$
2008-12-01,Cotton,55.47,USD,$
2008-11-01,Cotton,55.06,USD,$
2008-10-01,Cotton,62.3,USD,$
2008-09-01,Cotton,73.59,USD,$
2008-08-01,Cotton,78.04,USD,$
2008-07-01,Cotton,77.29,USD,$
2008-06-01,Cotton,77.04,USD,$
2008-05-01,Cotton,74.12,USD,$
2008-04-01,Cotton,75.41,USD,$
2008-03-01,Cotton,80.18,USD,$
2008-02-01,Cotton,75.05,USD,$
2008-01-01,Cotton,73.25,USD,$
2007-12-01,Cotton,69.59,USD,$
2007-11-01,Cotton,69.71,USD,$
2007-10-01,Cotton,68.93,USD,$
2007-09-01,Cotton,68.21,USD,$
2007-08-01,Cotton,66.62,USD,$
2007-07-01,Cotton,67.81,USD,$
2007-06-01,Cotton,60.44,USD,$
2007-05-01,Cotton,55.57,USD,$
2007-04-01,Cotton,57.18,USD,$
2007-03-01,Cotton,58.41,USD,$
2007-02-01,Cotton,57.89,USD,$
2007-01-01,Cotton,59.05,USD,$
2006-12-01,Cotton,59.43,USD,$
2006-11-01,Cotton,57.4,USD,$
2006-10-01,Cotton,57.03,USD,$
2006-09-01,Cotton,58.82,USD,$
2006-08-01,Cotton,59.85,USD,$
2006-07-01,Cotton,56.72,USD,$
2006-06-01,Cotton,56.42,USD,$
2006-05-01,Cotton,55.41,USD,$
2006-04-01,Cotton,57.18,USD,$
2006-03-01,Cotton,58.62,USD,$
2006-02-01,Cotton,60.75,USD,$
2006-01-01,Cotton,59.0,USD,$
2005-12-01,Cotton,56.53,USD,$
2005-11-01,Cotton,56.83,USD,$
2005-10-01,Cotton,58.24,USD,$
2005-09-01,Cotton,54.95,USD,$
2005-08-01,Cotton,54.07,USD,$
2005-07-01,Cotton,54.97,USD,$
2005-06-01,Cotton,53.99,USD,$
2005-05-01,Cotton,55.84,USD,$
2005-04-01,Cotton,56.95,USD,$
2005-03-01,Cotton,56.24,USD,$
2005-02-01,Cotton,52.16,USD,$
2005-01-01,Cotton,51.26,USD,$
2004-12-01,Cotton,48.6,USD,$
2004-11-01,Cotton,49.24,USD,$
2004-10-01,Cotton,52.52,USD,$
2004-09-01,Cotton,56.68,USD,$
2004-08-01,Cotton,53.47,USD,$
2004-07-01,Cotton,57.02,USD,$
2004-06-01,Cotton,64.63,USD,$
2004-05-01,Cotton,70.04,USD,$
2004-04-01,Cotton,69.44,USD,$
2004-03-01,Cotton,72.28,USD,$
2004-02-01,Cotton,73.92,USD,$
2004-01-01,Cotton,76.24,USD,$
2003-12-01,Cotton,73.59,USD,$
2003-11-01,Cotton,76.94,USD,$
2003-10-01,Cotton,72.56,USD,$
2003-09-01,Cotton,64.18,USD,$
2003-08-01,Cotton,60.5,USD,$
2003-07-01,Cotton,60.21,USD,$
2003-06-01,Cotton,58.5,USD,$
2003-05-01,Cotton,57.8,USD,$
2003-04-01,Cotton,60.78,USD,$
2003-03-01,Cotton,61.01,USD,$
2003-02-01,Cotton,58.55,USD,$
2003-01-01,Cotton,56.71,USD,$
2002-12-01,Cotton,55.22,USD,$
2002-11-01,Cotton,52.32,USD,$
2002-10-01,Cotton,49.56,USD,$
2002-09-01,Cotton,48.98,USD,$
2002-08-01,Cotton,49.32,USD,$
2002-07-01,Cotton,46.7,USD,$
2002-06-01,Cotton,43.48,USD,$
2002-05-01,Cotton,39.89,USD,$
2002-04-01,Cotton,41.38,USD,$
2002-03-01,Cotton,42.04,USD,$
2002-02-01,Cotton,42.8,USD,$
2002-01-01,Cotton,43.42,USD,$
2001-12-01,Cotton,42.87,USD,$
2001-11-01,Cotton,37.96,USD,$
2001-10-01,Cotton,37.22,USD,$
2001-09-01,Cotton,41.26,USD,$
2001-08-01,Cotton,43.33,USD,$
2001-07-01,Cotton,45.55,USD,$
2001-06-01,Cotton,47.46,USD,$
2001-05-01,Cotton,49.97,USD,$
2001-04-01,Cotton,51.16,USD,$
2001-03-01,Cotton,54.56,USD,$
2001-02-01,Cotton,60.44,USD,$
2001-01-01,Cotton,64.18,USD,$
2000-12-01,Cotton,65.86,USD,$
2000-11-01,Cotton,63.98,USD,$
2000-10-01,Cotton,60.89,USD,$
2000-09-01,Cotton,61.64,USD,$
2000-08-01,Cotton,60.89,USD,$
2000-07-01,Cotton,58.39,USD,$
2000-06-01,Cotton,59.47,USD,$
2000-05-01,Cotton,60.5,USD,$
2000-04-01,Cotton,58.77,USD,$
2000-03-01,Cotton,57.3,USD,$
2000-02-01,Cotton,53.44,USD,$
2000-01-01,Cotton,47.43,USD,$
1999-12-01,Cotton,44.2,USD,$
1999-11-01,Cotton,46.21,USD,$
1999-10-01,Cotton,47.43,USD,$
1999-09-01,Cotton,49.48,USD,$
1999-08-01,Cotton,50.98,USD,$
1999-07-01,Cotton,54.41,USD,$
1999-06-01,Cotton,58.5,USD,$
1999-05-01,Cotton,59.9,USD,$
1999-04-01,Cotton,57.74,USD,$
1999-03-01,Cotton,56.71,USD,$
1999-02-01,Cotton,56.19,USD,$
1999-01-01,Cotton,55.78,USD,$
1998-12-01,Cotton,56.0,USD,$
1998-11-01,Cotton,56.08,USD,$
1998-10-01,Cotton,61.46,USD,$
1998-09-01,Cotton,66.39,USD,$
1998-08-01,Cotton,68.18,USD,$
1998-07-01,Cotton,69.86,USD,$
1998-06-01,Cotton,68.94,USD,$
1998-05-01,Cotton,64.36,USD,$
1998-04-01,Cotton,65.7,USD,$
1998-03-01,Cotton,68.43,USD,$
1998-02-01,Cotton,68.84,USD,$
1998-01-01,Cotton,72.14,USD,$
1997-12-01,Cotton,74.35,USD,$
1997-11-01,Cotton,77.22,USD,$
1997-10-01,Cotton,77.75,USD,$
1997-09-01,Cotton,79.64,USD,$
1997-08-01,Cotton,81.21,USD,$
1997-07-01,Cotton,81.18,USD,$
1997-06-01,Cotton,80.51,USD,$
1997-05-01,Cotton,79.26,USD,$
1997-04-01,Cotton,78.82,USD,$
1997-03-01,Cotton,80.62,USD,$
1997-02-01,Cotton,80.4,USD,$
1997-01-01,Cotton,79.77,USD,$
1996-12-01,Cotton,78.29,USD,$
1996-11-01,Cotton,75.91,USD,$
1996-10-01,Cotton,75.43,USD,$
1996-09-01,Cotton,75.36,USD,$
1996-08-01,Cotton,76.71,USD,$
1996-07-01,Cotton,79.84,USD,$
1996-06-01,Cotton,83.12,USD,$
1996-05-01,Cotton,82.89,USD,$
1996-04-01,Cotton,83.0,USD,$
1996-03-01,Cotton,83.23,USD,$
1996-02-01,Cotton,86.79,USD,$
1996-01-01,Cotton,85.91,USD,$
1995-12-01,Cotton,88.43,USD,$
1995-11-01,Cotton,89.29,USD,$
1995-10-01,Cotton,91.53,USD,$
1995-09-01,Cotton,91.1,USD,$
1995-08-01,Cotton,84.65,USD,$
1995-07-01,Cotton,95.98,USD,$
1995-06-01,Cotton,104.36,USD,$
1995-05-01,Cotton,115.85,USD,$
1995-04-01,Cotton,113.22,USD,$
1995-03-01,Cotton,110.47,USD,$
1995-02-01,Cotton,99.96,USD,$
1995-01-01,Cotton,94.78,USD,$
1994-12-01,Cotton,86.38,USD,$
1994-11-01,Cotton,76.91,USD,$
1994-10-01,Cotton,73.88,USD,$
1994-09-01,Cotton,75.29,USD,$
1994-08-01,Cotton,76.94,USD,$
1994-07-01,Cotton,82.02,USD,$
1994-06-01,Cotton,86.2,USD,$
1994-05-01,Cotton,86.04,USD,$
1994-04-01,Cotton,83.25,USD,$
1994-03-01,Cotton,81.77,USD,$
1994-02-01,Cotton,79.97,USD,$
1994-01-01,Cotton,67.94,USD,$
1993-12-01,Cotton,58.74,USD,$
1993-11-01,Cotton,54.91,USD,$
1993-10-01,Cotton,54.91,USD,$
1993-09-01,Cotton,55.16,USD,$
1993-08-01,Cotton,55.5,USD,$
1993-07-01,Cotton,57.99,USD,$
1993-06-01,Cotton,58.48,USD,$
1993-05-01,Cotton,60.17,USD,$
1993-04-01,Cotton,61.07,USD,$
1993-03-01,Cotton,61.45,USD,$
1993-02-01,Cotton,60.55,USD,$
1993-01-01,Cotton,57.29,USD,$
1992-12-01,Cotton,54.0,USD,$
1992-11-01,Cotton,52.69,USD,$
1992-10-01,Cotton,53.12,USD,$
1992-09-01,Cotton,56.65,USD,$
1992-08-01,Cotton,59.75,USD,$
1992-07-01,Cotton,65.29,USD,$
1992-06-01,Cotton,63.89,USD,$
1992-05-01,Cotton,60.59,USD,$
1992-04-01,Cotton,57.99,USD,$
1992-03-01,Cotton,55.33,USD,$
1992-02-01,Cotton,56.3,USD,$
1992-01-01,Cotton,59.62,USD,$
1991-12-01,Cotton,61.76,USD,$
1991-11-01,Cotton,64.1,USD,$
1991-10-01,Cotton,67.94,USD,$
1991-09-01,Cotton,70.33,USD,$
1991-08-01,Cotton,73.47,USD,$
1991-07-01,Cotton,81.02,USD,$
1991-06-01,Cotton,83.84,USD,$
1991-05-01,Cotton,84.17,USD,$
1991-04-01,Cotton,83.43,USD,$
1991-03-01,Cotton,84.23,USD,$
1991-02-01,Cotton,84.88,USD,$
1991-01-01,Cotton,83.71,USD,$
1990-12-01,Cotton,83.86,USD,$
1990-11-01,Cotton,82.43,USD,$
1990-10-01,Cotton,81.36,USD,$
1990-09-01,Cotton,81.28,USD,$
1990-08-01,Cotton,81.28,USD,$
1990-07-01,Cotton,91.79,USD,$
1990-06-01,Cotton,90.18,USD,$
1990-05-01,Cotton,85.6,USD,$
1990-04-01,Cotton,82.87,USD,$
1990-03-01,Cotton,78.9,USD,$
1990-02-01,Cotton,75.96,USD,$
1990-01-01,Cotton,75.2,USD,$
1989-12-01,Cotton,,USD,$
1989-11-01,Cotton,,USD,$
1989-10-01,Cotton,,USD,$
1989-09-01,Cotton,,USD,$
1989-08-01,Cotton,,USD,$
1989-07-01,Cotton,,USD,$
1989-06-01,Cotton,,USD,$
1989-05-01,Cotton,,USD,$
1989-04-01,Cotton,,USD,$
1989-03-01,Cotton,,USD,$
1989-02-01,Cotton,,USD,$
1989-01-01,Cotton,,USD,$
1988-12-01,Cotton,,USD,$
1988-11-01,Cotton,,USD,$
1988-10-01,Cotton,,USD,$
1988-09-01,Cotton,,USD,$
1988-08-01,Cotton,,USD,$
1988-07-01,Cotton,,USD,$
1988-06-01,Cotton,,USD,$
1988-05-01,Cotton,,USD,$
1988-04-01,Cotton,,USD,$
1988-03-01,Cotton,,USD,$
1988-02-01,Cotton,,USD,$
1988-01-01,Cotton,,USD,$
1987-12-01,Cotton,,USD,$
1987-11-01,Cotton,,USD,$
1987-10-01,Cotton,,USD,$
1987-09-01,Cotton,,USD,$
1987-08-01,Cotton,,USD,$
1987-07-01,Cotton,,USD,$
1987-06-01,Cotton,,USD,$
1987-05-01,Cotton,,USD,$
2023-02-01,BRENT,82.59,USD,$
2023-01-01,BRENT,82.5,USD,$
2022-12-01,BRENT,80.92,USD,$
2022-11-01,BRENT,91.42,USD,$
2022-10-01,BRENT,93.33,USD,$
2022-09-01,BRENT,89.76,USD,$
2022-08-01,BRENT,100.45,USD,$
2022-07-01,BRENT,111.93,USD,$
2022-06-01,BRENT,122.71,USD,$
2022-05-01,BRENT,113.34,USD,$
2022-04-01,BRENT,104.58,USD,$
2022-03-01,BRENT,117.25,USD,$
2022-02-01,BRENT,97.13,USD,$
2022-01-01,BRENT,86.51,USD,$
2021-12-01,BRENT,74.17,USD,$
2021-11-01,BRENT,81.05,USD,$
2021-10-01,BRENT,83.54,USD,$
2021-09-01,BRENT,74.49,USD,$
2021-08-01,BRENT,70.75,USD,$
2021-07-01,BRENT,75.17,USD,$
2021-06-01,BRENT,73.16,USD,$
2021-05-01,BRENT,68.53,USD,$
2021-04-01,BRENT,64.81,USD,$
2021-03-01,BRENT,65.41,USD,$
2021-02-01,BRENT,62.28,USD,$
2021-01-01,BRENT,54.77,USD,$
2020-12-01,BRENT,49.99,USD,$
2020-11-01,BRENT,42.69,USD,$
2020-10-01,BRENT,40.19,USD,$
2020-09-01,BRENT,40.91,USD,$
2020-08-01,BRENT,44.74,USD,$
2020-07-01,BRENT,43.24,USD,$
2020-06-01,BRENT,40.27,USD,$
2020-05-01,BRENT,29.38,USD,$
2020-04-01,BRENT,18.38,USD,$
2020-03-01,BRENT,32.01,USD,$
2020-02-01,BRENT,55.66,USD,$
2020-01-01,BRENT,63.65,USD,$
2019-12-01,BRENT,67.31,USD,$
2019-11-01,BRENT,63.21,USD,$
2019-10-01,BRENT,59.71,USD,$
2019-09-01,BRENT,62.83,USD,$
2019-08-01,BRENT,59.04,USD,$
2019-07-01,BRENT,63.92,USD,$
2019-06-01,BRENT,64.22,USD,$
2019-05-01,BRENT,71.32,USD,$
2019-04-01,BRENT,71.23,USD,$
2019-03-01,BRENT,66.14,USD,$
2019-02-01,BRENT,63.96,USD,$
2019-01-01,BRENT,59.41,USD,$
2018-12-01,BRENT,57.36,USD,$
2018-11-01,BRENT,64.75,USD,$
2018-10-01,BRENT,81.03,USD,$
2018-09-01,BRENT,78.89,USD,$
2018-08-01,BRENT,72.53,USD,$
2018-07-01,BRENT,74.25,USD,$
2018-06-01,BRENT,74.41,USD,$
2018-05-01,BRENT,76.98,USD,$
2018-04-01,BRENT,72.11,USD,$
2018-03-01,BRENT,66.02,USD,$
2018-02-01,BRENT,65.32,USD,$
2018-01-01,BRENT,69.08,USD,$
2017-12-01,BRENT,64.37,USD,$
2017-11-01,BRENT,62.71,USD,$
2017-10-01,BRENT,57.51,USD,$
2017-09-01,BRENT,56.15,USD,$
2017-08-01,BRENT,51.7,USD,$
2017-07-01,BRENT,48.48,USD,$
2017-06-01,BRENT,46.37,USD,$
2017-05-01,BRENT,50.33,USD,$
2017-04-01,BRENT,52.31,USD,$
2017-03-01,BRENT,51.59,USD,$
2017-02-01,BRENT,54.87,USD,$
2017-01-01,BRENT,54.58,USD,$
2016-12-01,BRENT,53.31,USD,$
2016-11-01,BRENT,44.73,USD,$
2016-10-01,BRENT,49.52,USD,$
2016-09-01,BRENT,46.57,USD,$
2016-08-01,BRENT,45.84,USD,$
2016-07-01,BRENT,44.95,USD,$
2016-06-01,BRENT,48.25,USD,$
2016-05-01,BRENT,46.74,USD,$
2016-04-01,BRENT,41.58,USD,$
2016-03-01,BRENT,38.21,USD,$
2016-02-01,BRENT,32.18,USD,$
2016-01-01,BRENT,30.7,USD,$
2015-12-01,BRENT,38.01,USD,$
2015-11-01,BRENT,44.27,USD,$
2015-10-01,BRENT,48.43,USD,$
2015-09-01,BRENT,47.62,USD,$
2015-08-01,BRENT,46.52,USD,$
2015-07-01,BRENT,56.56,USD,$
2015-06-01,BRENT,61.48,USD,$
2015-05-01,BRENT,64.08,USD,$
2015-04-01,BRENT,59.52,USD,$
2015-03-01,BRENT,55.89,USD,$
2015-02-01,BRENT,58.1,USD,$
2015-01-01,BRENT,47.76,USD,$
2014-12-01,BRENT,62.34,USD,$
2014-11-01,BRENT,79.44,USD,$
2014-10-01,BRENT,87.43,USD,$
2014-09-01,BRENT,97.09,USD,$
2014-08-01,BRENT,101.61,USD,$
2014-07-01,BRENT,106.77,USD,$
2014-06-01,BRENT,111.8,USD,$
2014-05-01,BRENT,109.54,USD,$
2014-04-01,BRENT,107.76,USD,$
2014-03-01,BRENT,107.48,USD,$
2014-02-01,BRENT,108.9,USD,$
2014-01-01,BRENT,108.12,USD,$
2013-12-01,BRENT,110.76,USD,$
2013-11-01,BRENT,107.79,USD,$
2013-10-01,BRENT,109.08,USD,$
2013-09-01,BRENT,111.6,USD,$
2013-08-01,BRENT,111.28,USD,$
2013-07-01,BRENT,107.93,USD,$
2013-06-01,BRENT,102.92,USD,$
2013-05-01,BRENT,102.56,USD,$
2013-04-01,BRENT,102.25,USD,$
2013-03-01,BRENT,108.47,USD,$
2013-02-01,BRENT,116.05,USD,$
2013-01-01,BRENT,112.96,USD,$
2012-12-01,BRENT,109.49,USD,$
2012-11-01,BRENT,109.06,USD,$
2012-10-01,BRENT,111.71,USD,$
2012-09-01,BRENT,112.86,USD,$
2012-08-01,BRENT,113.36,USD,$
2012-07-01,BRENT,102.62,USD,$
2012-06-01,BRENT,95.16,USD,$
2012-05-01,BRENT,110.34,USD,$
2012-04-01,BRENT,119.75,USD,$
2012-03-01,BRENT,125.45,USD,$
2012-02-01,BRENT,119.33,USD,$
2012-01-01,BRENT,110.69,USD,$
2011-12-01,BRENT,107.87,USD,$
2011-11-01,BRENT,110.77,USD,$
2011-10-01,BRENT,109.55,USD,$
2011-09-01,BRENT,112.83,USD,$
2011-08-01,BRENT,110.22,USD,$
2011-07-01,BRENT,116.97,USD,$
2011-06-01,BRENT,113.83,USD,$
2011-05-01,BRENT,114.99,USD,$
2011-04-01,BRENT,123.26,USD,$
2011-03-01,BRENT,114.64,USD,$
2011-02-01,BRENT,103.72,USD,$
2011-01-01,BRENT,96.52,USD,$
2010-12-01,BRENT,91.45,USD,$
2010-11-01,BRENT,85.28,USD,$
2010-10-01,BRENT,82.67,USD,$
2010-09-01,BRENT,77.84,USD,$
2010-08-01,BRENT,77.04,USD,$
2010-07-01,BRENT,75.58,USD,$
2010-06-01,BRENT,74.76,USD,$
2010-05-01,BRENT,75.95,USD,$
2010-04-01,BRENT,84.82,USD,$
2010-03-01,BRENT,78.83,USD,$
2010-02-01,BRENT,73.75,USD,$
2010-01-01,BRENT,76.17,USD,$
2009-12-01,BRENT,74.46,USD,$
2009-11-01,BRENT,76.66,USD,$
2009-10-01,BRENT,72.77,USD,$
2009-09-01,BRENT,67.65,USD,$
2009-08-01,BRENT,72.51,USD,$
2009-07-01,BRENT,64.44,USD,$
2009-06-01,BRENT,68.61,USD,$
2009-05-01,BRENT,57.3,USD,$
2009-04-01,BRENT,50.18,USD,$
2009-03-01,BRENT,46.54,USD,$
2009-02-01,BRENT,43.32,USD,$
2009-01-01,BRENT,43.44,USD,$
2008-12-01,BRENT,39.95,USD,$
2008-11-01,BRENT,52.45,USD,$
2008-10-01,BRENT,71.58,USD,$
2008-09-01,BRENT,97.23,USD,$
2008-08-01,BRENT,113.24,USD,$
2008-07-01,BRENT,132.72,USD,$
2008-06-01,BRENT,132.32,USD,$
2008-05-01,BRENT,122.8,USD,$
2008-04-01,BRENT,109.07,USD,$
2008-03-01,BRENT,103.64,USD,$
2008-02-01,BRENT,94.99,USD,$
2008-01-01,BRENT,92.18,USD,$
2007-12-01,BRENT,90.93,USD,$
2007-11-01,BRENT,92.41,USD,$
2007-10-01,BRENT,82.34,USD,$
2007-09-01,BRENT,77.17,USD,$
2007-08-01,BRENT,70.76,USD,$
2007-07-01,BRENT,76.93,USD,$
2007-06-01,BRENT,71.05,USD,$
2007-05-01,BRENT,67.21,USD,$
2007-04-01,BRENT,67.49,USD,$
2007-03-01,BRENT,62.05,USD,$
2007-02-01,BRENT,57.56,USD,$
2007-01-01,BRENT,53.68,USD,$
2006-12-01,BRENT,62.47,USD,$
2006-11-01,BRENT,58.76,USD,$
2006-10-01,BRENT,57.81,USD,$
2006-09-01,BRENT,61.96,USD,$
2006-08-01,BRENT,73.23,USD,$
2006-07-01,BRENT,73.67,USD,$
2006-06-01,BRENT,68.56,USD,$
2006-05-01,BRENT,69.78,USD,$
2006-04-01,BRENT,70.26,USD,$
2006-03-01,BRENT,62.06,USD,$
2006-02-01,BRENT,60.21,USD,$
2006-01-01,BRENT,62.99,USD,$
2005-12-01,BRENT,56.86,USD,$
2005-11-01,BRENT,55.24,USD,$
2005-10-01,BRENT,58.54,USD,$
2005-09-01,BRENT,62.91,USD,$
2005-08-01,BRENT,63.98,USD,$
2005-07-01,BRENT,57.52,USD,$
2005-06-01,BRENT,54.35,USD,$
2005-05-01,BRENT,48.65,USD,$
2005-04-01,BRENT,51.88,USD,$
2005-03-01,BRENT,53.1,USD,$
2005-02-01,BRENT,45.48,USD,$
2005-01-01,BRENT,44.51,USD,$
2004-12-01,BRENT,39.6,USD,$
2004-11-01,BRENT,43.11,USD,$
2004-10-01,BRENT,49.78,USD,$
2004-09-01,BRENT,43.2,USD,$
2004-08-01,BRENT,42.74,USD,$
2004-07-01,BRENT,38.22,USD,$
2004-06-01,BRENT,35.18,USD,$
2004-05-01,BRENT,37.57,USD,$
2004-04-01,BRENT,33.59,USD,$
2004-03-01,BRENT,33.63,USD,$
2004-02-01,BRENT,30.86,USD,$
2004-01-01,BRENT,31.28,USD,$
2003-12-01,BRENT,29.81,USD,$
2003-11-01,BRENT,28.75,USD,$
2003-10-01,BRENT,29.61,USD,$
2003-09-01,BRENT,27.11,USD,$
2003-08-01,BRENT,29.89,USD,$
2003-07-01,BRENT,28.35,USD,$
2003-06-01,BRENT,27.65,USD,$
2003-05-01,BRENT,25.86,USD,$
2003-04-01,BRENT,25.0,USD,$
2003-03-01,BRENT,30.61,USD,$
2003-02-01,BRENT,32.77,USD,$
2003-01-01,BRENT,31.18,USD,$
2002-12-01,BRENT,28.33,USD,$
2002-11-01,BRENT,24.34,USD,$
2002-10-01,BRENT,27.54,USD,$
2002-09-01,BRENT,28.4,USD,$
2002-08-01,BRENT,26.65,USD,$
2002-07-01,BRENT,25.74,USD,$
2002-06-01,BRENT,24.08,USD,$
2002-05-01,BRENT,25.35,USD,$
2002-04-01,BRENT,25.73,USD,$
2002-03-01,BRENT,23.7,USD,$
2002-02-01,BRENT,20.28,USD,$
2002-01-01,BRENT,19.42,USD,$
2001-12-01,BRENT,18.71,USD,$
2001-11-01,BRENT,18.8,USD,$
2001-10-01,BRENT,20.54,USD,$
2001-09-01,BRENT,25.62,USD,$
2001-08-01,BRENT,25.68,USD,$
2001-07-01,BRENT,24.61,USD,$
2001-06-01,BRENT,27.85,USD,$
2001-05-01,BRENT,28.31,USD,$
2001-04-01,BRENT,25.66,USD,$
2001-03-01,BRENT,24.5,USD,$
2001-02-01,BRENT,27.5,USD,$
2001-01-01,BRENT,25.62,USD,$
2000-12-01,BRENT,25.66,USD,$
2000-11-01,BRENT,32.55,USD,$
2000-10-01,BRENT,30.96,USD,$
2000-09-01,BRENT,33.14,USD,$
2000-08-01,BRENT,30.2,USD,$
2000-07-01,BRENT,28.68,USD,$
2000-06-01,BRENT,29.8,USD,$
2000-05-01,BRENT,27.74,USD,$
2000-04-01,BRENT,22.76,USD,$
2000-03-01,BRENT,27.49,USD,$
2000-02-01,BRENT,27.78,USD,$
2000-01-01,BRENT,25.51,USD,$
1999-12-01,BRENT,25.47,USD,$
1999-11-01,BRENT,24.58,USD,$
1999-10-01,BRENT,22.0,USD,$
1999-09-01,BRENT,22.54,USD,$
1999-08-01,BRENT,20.22,USD,$
1999-07-01,BRENT,19.08,USD,$
1999-06-01,BRENT,15.86,USD,$
1999-05-01,BRENT,15.23,USD,$
1999-04-01,BRENT,15.29,USD,$
1999-03-01,BRENT,12.51,USD,$
1999-02-01,BRENT,10.27,USD,$
1999-01-01,BRENT,11.11,USD,$
1998-12-01,BRENT,9.82,USD,$
1998-11-01,BRENT,11.04,USD,$
1998-10-01,BRENT,12.7,USD,$
1998-09-01,BRENT,13.34,USD,$
1998-08-01,BRENT,11.91,USD,$
1998-07-01,BRENT,12.08,USD,$
1998-06-01,BRENT,12.21,USD,$
1998-05-01,BRENT,14.36,USD,$
1998-04-01,BRENT,13.53,USD,$
1998-03-01,BRENT,13.1,USD,$
1998-02-01,BRENT,14.07,USD,$
1998-01-01,BRENT,15.19,USD,$
1997-12-01,BRENT,17.18,USD,$
1997-11-01,BRENT,19.17,USD,$
1997-10-01,BRENT,19.87,USD,$
1997-09-01,BRENT,18.46,USD,$
1997-08-01,BRENT,18.6,USD,$
1997-07-01,BRENT,18.46,USD,$
1997-06-01,BRENT,17.58,USD,$
1997-05-01,BRENT,19.02,USD,$
1997-04-01,BRENT,17.56,USD,$
1997-03-01,BRENT,19.13,USD,$
1997-02-01,BRENT,20.85,USD,$
1997-01-01,BRENT,23.54,USD,$
1996-12-01,BRENT,23.78,USD,$
1996-11-01,BRENT,22.76,USD,$
1996-10-01,BRENT,24.16,USD,$
1996-09-01,BRENT,22.63,USD,$
1996-08-01,BRENT,20.51,USD,$
1996-07-01,BRENT,19.57,USD,$
1996-06-01,BRENT,18.46,USD,$
1996-05-01,BRENT,19.15,USD,$
1996-04-01,BRENT,20.9,USD,$
1996-03-01,BRENT,19.85,USD,$
1996-02-01,BRENT,18.0,USD,$
1996-01-01,BRENT,17.85,USD,$
1995-12-01,BRENT,17.93,USD,$
1995-11-01,BRENT,16.86,USD,$
1995-10-01,BRENT,16.11,USD,$
1995-09-01,BRENT,16.7,USD,$
1995-08-01,BRENT,16.1,USD,$
1995-07-01,BRENT,15.85,USD,$
1995-06-01,BRENT,17.31,USD,$
1995-05-01,BRENT,18.35,USD,$
1995-04-01,BRENT,18.65,USD,$
1995-03-01,BRENT,17.01,USD,$
1995-02-01,BRENT,17.11,USD,$
1995-01-01,BRENT,16.55,USD,$
1994-12-01,BRENT,15.93,USD,$
1994-11-01,BRENT,17.19,USD,$
1994-10-01,BRENT,16.49,USD,$
1994-09-01,BRENT,15.9,USD,$
1994-08-01,BRENT,16.89,USD,$
1994-07-01,BRENT,17.6,USD,$
1994-06-01,BRENT,16.76,USD,$
1994-05-01,BRENT,16.19,USD,$
1994-04-01,BRENT,15.23,USD,$
1994-03-01,BRENT,13.82,USD,$
1994-02-01,BRENT,13.8,USD,$
1994-01-01,BRENT,14.29,USD,$
1993-12-01,BRENT,13.73,USD,$
1993-11-01,BRENT,15.2,USD,$
1993-10-01,BRENT,16.61,USD,$
1993-09-01,BRENT,16.01,USD,$
1993-08-01,BRENT,16.7,USD,$
1993-07-01,BRENT,16.78,USD,$
1993-06-01,BRENT,17.65,USD,$
1993-05-01,BRENT,18.51,USD,$
1993-04-01,BRENT,18.67,USD,$
1993-03-01,BRENT,18.79,USD,$
1993-02-01,BRENT,18.47,USD,$
1993-01-01,BRENT,17.39,USD,$
1992-12-01,BRENT,18.14,USD,$
1992-11-01,BRENT,19.21,USD,$
1992-10-01,BRENT,20.26,USD,$
1992-09-01,BRENT,20.27,USD,$
1992-08-01,BRENT,19.74,USD,$
1992-07-01,BRENT,20.24,USD,$
1992-06-01,BRENT,21.16,USD,$
1992-05-01,BRENT,19.89,USD,$
1992-04-01,BRENT,18.92,USD,$
1992-03-01,BRENT,17.63,USD,$
1992-02-01,BRENT,18.05,USD,$
1992-01-01,BRENT,18.16,USD,$
1991-12-01,BRENT,18.41,USD,$
1991-11-01,BRENT,21.11,USD,$
1991-10-01,BRENT,22.21,USD,$
1991-09-01,BRENT,20.5,USD,$
1991-08-01,BRENT,19.77,USD,$
1991-07-01,BRENT,19.4,USD,$
1991-06-01,BRENT,18.17,USD,$
1991-05-01,BRENT,19.19,USD,$
1991-04-01,BRENT,19.18,USD,$
1991-03-01,BRENT,19.08,USD,$
1991-02-01,BRENT,19.54,USD,$
1991-01-01,BRENT,23.57,USD,$
1990-12-01,BRENT,28.27,USD,$
1990-11-01,BRENT,33.07,USD,$
1990-10-01,BRENT,36.02,USD,$
1990-09-01,BRENT,34.9,USD,$
1990-08-01,BRENT,27.17,USD,$
1990-07-01,BRENT,17.17,USD,$
1990-06-01,BRENT,15.1,USD,$
1990-05-01,BRENT,16.35,USD,$
1990-04-01,BRENT,16.61,USD,$
1990-03-01,BRENT,18.39,USD,$
1990-02-01,BRENT,19.81,USD,$
1990-01-01,BRENT,21.25,USD,$
1989-12-01,BRENT,19.84,USD,$
1989-11-01,BRENT,18.73,USD,$
1989-10-01,BRENT,18.91,USD,$
1989-09-01,BRENT,17.77,USD,$
1989-08-01,BRENT,16.77,USD,$
1989-07-01,BRENT,17.62,USD,$
1989-06-01,BRENT,17.67,USD,$
1989-05-01,BRENT,18.63,USD,$
1989-04-01,BRENT,20.32,USD,$
1989-03-01,BRENT,18.7,USD,$
1989-02-01,BRENT,16.89,USD,$
1989-01-01,BRENT,17.17,USD,$
1988-12-01,BRENT,15.31,USD,$
1988-11-01,BRENT,13.02,USD,$
1988-10-01,BRENT,12.41,USD,$
1988-09-01,BRENT,13.18,USD,$
1988-08-01,BRENT,14.89,USD,$
1988-07-01,BRENT,14.91,USD,$
1988-06-01,BRENT,15.54,USD,$
1988-05-01,BRENT,16.31,USD,$
1988-04-01,BRENT,16.6,USD,$
1988-03-01,BRENT,14.73,USD,$
1988-02-01,BRENT,15.73,USD,$
1988-01-01,BRENT,16.75,USD,$
1987-12-01,BRENT,17.05,USD,$
1987-11-01,BRENT,17.78,USD,$
1987-10-01,BRENT,18.76,USD,$
1987-09-01,BRENT,18.31,USD,$
1987-08-01,BRENT,18.98,USD,$
1987-07-01,BRENT,19.86,USD,$
1987-06-01,BRENT,18.86,USD,$
1987-05-01,BRENT,18.58,USD,$
2023-02-01,WTI,76.83,USD,$
2023-01-01,WTI,78.12,USD,$
2022-12-01,WTI,76.44,USD,$
2022-11-01,WTI,84.37,USD,$
2022-10-01,WTI,87.55,USD,$
2022-09-01,WTI,84.26,USD,$
2022-08-01,WTI,93.67,USD,$
2022-07-01,WTI,101.62,USD,$
2022-06-01,WTI,114.84,USD,$
2022-05-01,WTI,109.55,USD,$
2022-04-01,WTI,101.78,USD,$
2022-03-01,WTI,108.5,USD,$
2022-02-01,WTI,91.64,USD,$
2022-01-01,WTI,83.22,USD,$
2021-12-01,WTI,71.71,USD,$
2021-11-01,WTI,79.15,USD,$
2021-10-01,WTI,81.48,USD,$
2021-09-01,WTI,71.65,USD,$
2021-08-01,WTI,67.73,USD,$
2021-07-01,WTI,72.49,USD,$
2021-06-01,WTI,71.38,USD,$
2021-05-01,WTI,65.17,USD,$
2021-04-01,WTI,61.72,USD,$
2021-03-01,WTI,62.33,USD,$
2021-02-01,WTI,59.04,USD,$
2021-01-01,WTI,52.0,USD,$
2020-12-01,WTI,47.02,USD,$
2020-11-01,WTI,40.94,USD,$
2020-10-01,WTI,39.4,USD,$
2020-09-01,WTI,39.63,USD,$
2020-08-01,WTI,42.34,USD,$
2020-07-01,WTI,40.71,USD,$
2020-06-01,WTI,38.31,USD,$
2020-05-01,WTI,28.56,USD,$
2020-04-01,WTI,16.55,USD,$
2020-03-01,WTI,29.21,USD,$
2020-02-01,WTI,50.54,USD,$
2020-01-01,WTI,57.52,USD,$
2019-12-01,WTI,59.88,USD,$
2019-11-01,WTI,57.03,USD,$
2019-10-01,WTI,53.96,USD,$
2019-09-01,WTI,56.95,USD,$
2019-08-01,WTI,54.81,USD,$
2019-07-01,WTI,57.35,USD,$
2019-06-01,WTI,54.66,USD,$
2019-05-01,WTI,60.83,USD,$
2019-04-01,WTI,63.86,USD,$
2019-03-01,WTI,58.15,USD,$
2019-02-01,WTI,54.95,USD,$
2019-01-01,WTI,51.38,USD,$
2018-12-01,WTI,49.52,USD,$
2018-11-01,WTI,56.96,USD,$
2018-10-01,WTI,70.75,USD,$
2018-09-01,WTI,70.23,USD,$
2018-08-01,WTI,68.06,USD,$
2018-07-01,WTI,70.98,USD,$
2018-06-01,WTI,67.87,USD,$
2018-05-01,WTI,69.98,USD,$
2018-04-01,WTI,66.25,USD,$
2018-03-01,WTI,62.73,USD,$
2018-02-01,WTI,62.23,USD,$
2018-01-01,WTI,63.7,USD,$
2017-12-01,WTI,57.88,USD,$
2017-11-01,WTI,56.64,USD,$
2017-10-01,WTI,51.58,USD,$
2017-09-01,WTI,49.82,USD,$
2017-08-01,WTI,48.04,USD,$
2017-07-01,WTI,46.63,USD,$
2017-06-01,WTI,45.18,USD,$
2017-05-01,WTI,48.48,USD,$
2017-04-01,WTI,51.06,USD,$
2017-03-01,WTI,49.33,USD,$
2017-02-01,WTI,53.47,USD,$
2017-01-01,WTI,52.5,USD,$
2016-12-01,WTI,51.97,USD,$
2016-11-01,WTI,45.66,USD,$
2016-10-01,WTI,49.78,USD,$
2016-09-01,WTI,45.18,USD,$
2016-08-01,WTI,44.72,USD,$
2016-07-01,WTI,44.65,USD,$
2016-06-01,WTI,48.76,USD,$
2016-05-01,WTI,46.71,USD,$
2016-04-01,WTI,40.75,USD,$
2016-03-01,WTI,37.55,USD,$
2016-02-01,WTI,30.32,USD,$
2016-01-01,WTI,31.68,USD,$
2015-12-01,WTI,37.19,USD,$
2015-11-01,WTI,42.44,USD,$
2015-10-01,WTI,46.22,USD,$
2015-09-01,WTI,45.48,USD,$
2015-08-01,WTI,42.87,USD,$
2015-07-01,WTI,50.9,USD,$
2015-06-01,WTI,59.82,USD,$
2015-05-01,WTI,59.27,USD,$
2015-04-01,WTI,54.45,USD,$
2015-03-01,WTI,47.82,USD,$
2015-02-01,WTI,50.58,USD,$
2015-01-01,WTI,47.22,USD,$
2014-12-01,WTI,59.29,USD,$
2014-11-01,WTI,75.79,USD,$
2014-10-01,WTI,84.4,USD,$
2014-09-01,WTI,93.21,USD,$
2014-08-01,WTI,96.54,USD,$
2014-07-01,WTI,103.59,USD,$
2014-06-01,WTI,105.79,USD,$
2014-05-01,WTI,102.18,USD,$
2014-04-01,WTI,102.07,USD,$
2014-03-01,WTI,100.8,USD,$
2014-02-01,WTI,100.82,USD,$
2014-01-01,WTI,94.62,USD,$
2013-12-01,WTI,97.63,USD,$
2013-11-01,WTI,93.86,USD,$
2013-10-01,WTI,100.54,USD,$
2013-09-01,WTI,106.29,USD,$
2013-08-01,WTI,106.57,USD,$
2013-07-01,WTI,104.67,USD,$
2013-06-01,WTI,95.77,USD,$
2013-05-01,WTI,94.51,USD,$
2013-04-01,WTI,92.02,USD,$
2013-03-01,WTI,92.94,USD,$
2013-02-01,WTI,95.31,USD,$
2013-01-01,WTI,94.76,USD,$
2012-12-01,WTI,87.86,USD,$
2012-11-01,WTI,86.53,USD,$
2012-10-01,WTI,89.49,USD,$
2012-09-01,WTI,94.51,USD,$
2012-08-01,WTI,94.13,USD,$
2012-07-01,WTI,87.9,USD,$
2012-06-01,WTI,82.3,USD,$
2012-05-01,WTI,94.66,USD,$
2012-04-01,WTI,103.32,USD,$
2012-03-01,WTI,106.16,USD,$
2012-02-01,WTI,102.2,USD,$
2012-01-01,WTI,100.27,USD,$
2011-12-01,WTI,98.56,USD,$
2011-11-01,WTI,97.16,USD,$
2011-10-01,WTI,86.32,USD,$
2011-09-01,WTI,85.52,USD,$
2011-08-01,WTI,86.33,USD,$
2011-07-01,WTI,97.3,USD,$
2011-06-01,WTI,96.26,USD,$
2011-05-01,WTI,100.9,USD,$
2011-04-01,WTI,109.53,USD,$
2011-03-01,WTI,102.86,USD,$
2011-02-01,WTI,88.58,USD,$
2011-01-01,WTI,89.17,USD,$
2010-12-01,WTI,89.15,USD,$
2010-11-01,WTI,84.25,USD,$
2010-10-01,WTI,81.89,USD,$
2010-09-01,WTI,75.24,USD,$
2010-08-01,WTI,76.6,USD,$
2010-07-01,WTI,76.32,USD,$
2010-06-01,WTI,75.34,USD,$
2010-05-01,WTI,73.74,USD,$
2010-04-01,WTI,84.29,USD,$
2010-03-01,WTI,81.2,USD,$
2010-02-01,WTI,76.39,USD,$
2010-01-01,WTI,78.33,USD,$
2009-12-01,WTI,74.47,USD,$
2009-11-01,WTI,77.99,USD,$
2009-10-01,WTI,75.72,USD,$
2009-09-01,WTI,69.41,USD,$
2009-08-01,WTI,71.05,USD,$
2009-07-01,WTI,64.15,USD,$
2009-06-01,WTI,69.64,USD,$
2009-05-01,WTI,59.03,USD,$
2009-04-01,WTI,49.65,USD,$
2009-03-01,WTI,47.94,USD,$
2009-02-01,WTI,39.09,USD,$
2009-01-01,WTI,41.71,USD,$
2008-12-01,WTI,41.12,USD,$
2008-11-01,WTI,57.31,USD,$
2008-10-01,WTI,76.61,USD,$
2008-09-01,WTI,104.11,USD,$
2008-08-01,WTI,116.67,USD,$
2008-07-01,WTI,133.37,USD,$
2008-06-01,WTI,133.88,USD,$
2008-05-01,WTI,125.4,USD,$
2008-04-01,WTI,112.58,USD,$
2008-03-01,WTI,105.45,USD,$
2008-02-01,WTI,95.39,USD,$
2008-01-01,WTI,92.97,USD,$
2007-12-01,WTI,91.69,USD,$
2007-11-01,WTI,94.77,USD,$
2007-10-01,WTI,85.8,USD,$
2007-09-01,WTI,79.92,USD,$
2007-08-01,WTI,72.36,USD,$
2007-07-01,WTI,74.12,USD,$
2007-06-01,WTI,67.49,USD,$
2007-05-01,WTI,63.46,USD,$
2007-04-01,WTI,63.98,USD,$
2007-03-01,WTI,60.44,USD,$
2007-02-01,WTI,59.28,USD,$
2007-01-01,WTI,54.51,USD,$
2006-12-01,WTI,61.96,USD,$
2006-11-01,WTI,59.08,USD,$
2006-10-01,WTI,58.89,USD,$
2006-09-01,WTI,63.8,USD,$
2006-08-01,WTI,73.04,USD,$
2006-07-01,WTI,74.41,USD,$
2006-06-01,WTI,70.95,USD,$
2006-05-01,WTI,70.84,USD,$
2006-04-01,WTI,69.44,USD,$
2006-03-01,WTI,62.69,USD,$
2006-02-01,WTI,61.63,USD,$
2006-01-01,WTI,65.49,USD,$
2005-12-01,WTI,59.41,USD,$
2005-11-01,WTI,58.32,USD,$
2005-10-01,WTI,62.26,USD,$
2005-09-01,WTI,65.59,USD,$
2005-08-01,WTI,64.99,USD,$
2005-07-01,WTI,59.0,USD,$
2005-06-01,WTI,56.35,USD,$
2005-05-01,WTI,49.83,USD,$
2005-04-01,WTI,52.98,USD,$
2005-03-01,WTI,54.19,USD,$
2005-02-01,WTI,48.15,USD,$
2005-01-01,WTI,46.84,USD,$
2004-12-01,WTI,43.15,USD,$
2004-11-01,WTI,48.47,USD,$
2004-10-01,WTI,53.28,USD,$
2004-09-01,WTI,45.94,USD,$
2004-08-01,WTI,44.9,USD,$
2004-07-01,WTI,40.78,USD,$
2004-06-01,WTI,38.03,USD,$
2004-05-01,WTI,40.28,USD,$
2004-04-01,WTI,36.75,USD,$
2004-03-01,WTI,36.74,USD,$
2004-02-01,WTI,34.69,USD,$
2004-01-01,WTI,34.31,USD,$
2003-12-01,WTI,32.13,USD,$
2003-11-01,WTI,31.11,USD,$
2003-10-01,WTI,30.34,USD,$
2003-09-01,WTI,28.31,USD,$
2003-08-01,WTI,31.57,USD,$
2003-07-01,WTI,30.76,USD,$
2003-06-01,WTI,30.66,USD,$
2003-05-01,WTI,28.11,USD,$
2003-04-01,WTI,28.17,USD,$
2003-03-01,WTI,33.51,USD,$
2003-02-01,WTI,35.83,USD,$
2003-01-01,WTI,32.95,USD,$
2002-12-01,WTI,29.46,USD,$
2002-11-01,WTI,26.35,USD,$
2002-10-01,WTI,28.84,USD,$
2002-09-01,WTI,29.66,USD,$
2002-08-01,WTI,28.39,USD,$
2002-07-01,WTI,26.97,USD,$
2002-06-01,WTI,25.52,USD,$
2002-05-01,WTI,27.04,USD,$
2002-04-01,WTI,26.18,USD,$
2002-03-01,WTI,24.53,USD,$
2002-02-01,WTI,20.72,USD,$
2002-01-01,WTI,19.72,USD,$
2001-12-01,WTI,19.39,USD,$
2001-11-01,WTI,19.64,USD,$
2001-10-01,WTI,22.17,USD,$
2001-09-01,WTI,26.2,USD,$
2001-08-01,WTI,27.37,USD,$
2001-07-01,WTI,26.43,USD,$
2001-06-01,WTI,27.6,USD,$
2001-05-01,WTI,28.63,USD,$
2001-04-01,WTI,27.49,USD,$
2001-03-01,WTI,27.25,USD,$
2001-02-01,WTI,29.61,USD,$
2001-01-01,WTI,29.59,USD,$
2000-12-01,WTI,28.44,USD,$
2000-11-01,WTI,34.42,USD,$
2000-10-01,WTI,33.11,USD,$
2000-09-01,WTI,33.88,USD,$
2000-08-01,WTI,31.26,USD,$
2000-07-01,WTI,29.7,USD,$
2000-06-01,WTI,31.82,USD,$
2000-05-01,WTI,28.79,USD,$
2000-04-01,WTI,25.72,USD,$
2000-03-01,WTI,29.84,USD,$
2000-02-01,WTI,29.37,USD,$
2000-01-01,WTI,27.26,USD,$
1999-12-01,WTI,26.1,USD,$
1999-11-01,WTI,25.0,USD,$
1999-10-01,WTI,22.69,USD,$
1999-09-01,WTI,23.8,USD,$
1999-08-01,WTI,21.28,USD,$
1999-07-01,WTI,20.1,USD,$
1999-06-01,WTI,17.92,USD,$
1999-05-01,WTI,17.72,USD,$
1999-04-01,WTI,17.31,USD,$
1999-03-01,WTI,14.68,USD,$
1999-02-01,WTI,12.01,USD,$
1999-01-01,WTI,12.52,USD,$
1998-12-01,WTI,11.35,USD,$
1998-11-01,WTI,13.0,USD,$
1998-10-01,WTI,14.46,USD,$
1998-09-01,WTI,15.03,USD,$
1998-08-01,WTI,13.47,USD,$
1998-07-01,WTI,14.17,USD,$
1998-06-01,WTI,13.72,USD,$
1998-05-01,WTI,14.91,USD,$
1998-04-01,WTI,15.35,USD,$
1998-03-01,WTI,15.12,USD,$
1998-02-01,WTI,16.06,USD,$
1998-01-01,WTI,16.72,USD,$
1997-12-01,WTI,18.33,USD,$
1997-11-01,WTI,20.19,USD,$
1997-10-01,WTI,21.33,USD,$
1997-09-01,WTI,19.8,USD,$
1997-08-01,WTI,19.95,USD,$
1997-07-01,WTI,19.66,USD,$
1997-06-01,WTI,19.26,USD,$
1997-05-01,WTI,20.82,USD,$
1997-04-01,WTI,19.7,USD,$
1997-03-01,WTI,20.97,USD,$
1997-02-01,WTI,22.18,USD,$
1997-01-01,WTI,25.13,USD,$
1996-12-01,WTI,25.23,USD,$
1996-11-01,WTI,23.71,USD,$
1996-10-01,WTI,24.88,USD,$
1996-09-01,WTI,23.97,USD,$
1996-08-01,WTI,21.9,USD,$
1996-07-01,WTI,21.3,USD,$
1996-06-01,WTI,20.42,USD,$
1996-05-01,WTI,21.17,USD,$
1996-04-01,WTI,23.5,USD,$
1996-03-01,WTI,21.33,USD,$
1996-02-01,WTI,19.09,USD,$
1996-01-01,WTI,18.86,USD,$
1995-12-01,WTI,19.03,USD,$
1995-11-01,WTI,17.99,USD,$
1995-10-01,WTI,17.43,USD,$
1995-09-01,WTI,18.23,USD,$
1995-08-01,WTI,18.02,USD,$
1995-07-01,WTI,17.33,USD,$
1995-06-01,WTI,18.45,USD,$
1995-05-01,WTI,19.74,USD,$
1995-04-01,WTI,19.9,USD,$
1995-03-01,WTI,18.54,USD,$
1995-02-01,WTI,18.57,USD,$
1995-01-01,WTI,18.04,USD,$
1994-12-01,WTI,17.16,USD,$
1994-11-01,WTI,18.07,USD,$
1994-10-01,WTI,17.72,USD,$
1994-09-01,WTI,17.45,USD,$
1994-08-01,WTI,18.38,USD,$
1994-07-01,WTI,19.66,USD,$
1994-06-01,WTI,19.06,USD,$
1994-05-01,WTI,17.89,USD,$
1994-04-01,WTI,16.42,USD,$
1994-03-01,WTI,14.68,USD,$
1994-02-01,WTI,14.78,USD,$
1994-01-01,WTI,15.03,USD,$
1993-12-01,WTI,14.52,USD,$
1993-11-01,WTI,16.61,USD,$
1993-10-01,WTI,18.15,USD,$
1993-09-01,WTI,17.5,USD,$
1993-08-01,WTI,18.01,USD,$
1993-07-01,WTI,17.89,USD,$
1993-06-01,WTI,19.09,USD,$
1993-05-01,WTI,19.95,USD,$
1993-04-01,WTI,20.25,USD,$
1993-03-01,WTI,20.32,USD,$
1993-02-01,WTI,20.09,USD,$
1993-01-01,WTI,19.03,USD,$
1992-12-01,WTI,19.41,USD,$
1992-11-01,WTI,20.34,USD,$
1992-10-01,WTI,21.69,USD,$
1992-09-01,WTI,21.88,USD,$
1992-08-01,WTI,21.34,USD,$
1992-07-01,WTI,21.78,USD,$
1992-06-01,WTI,22.39,USD,$
1992-05-01,WTI,20.98,USD,$
1992-04-01,WTI,20.23,USD,$
1992-03-01,WTI,18.92,USD,$
1992-02-01,WTI,19.01,USD,$
1992-01-01,WTI,18.79,USD,$
1991-12-01,WTI,19.5,USD,$
1991-11-01,WTI,22.46,USD,$
1991-10-01,WTI,23.23,USD,$
1991-09-01,WTI,21.89,USD,$
1991-08-01,WTI,21.69,USD,$
1991-07-01,WTI,21.4,USD,$
1991-06-01,WTI,20.19,USD,$
1991-05-01,WTI,21.23,USD,$
1991-04-01,WTI,20.83,USD,$
1991-03-01,WTI,19.9,USD,$
1991-02-01,WTI,20.48,USD,$
1991-01-01,WTI,25.23,USD,$
1990-12-01,WTI,27.28,USD,$
1990-11-01,WTI,32.33,USD,$
1990-10-01,WTI,36.04,USD,$
1990-09-01,WTI,33.51,USD,$
1990-08-01,WTI,27.31,USD,$
1990-07-01,WTI,18.45,USD,$
1990-06-01,WTI,16.7,USD,$
1990-05-01,WTI,18.2,USD,$
1990-04-01,WTI,18.43,USD,$
1990-03-01,WTI,20.39,USD,$
1990-02-01,WTI,22.11,USD,$
1990-01-01,WTI,22.86,USD,$
1989-12-01,WTI,21.1,USD,$
1989-11-01,WTI,19.86,USD,$
1989-10-01,WTI,20.1,USD,$
1989-09-01,WTI,19.59,USD,$
1989-08-01,WTI,18.58,USD,$
1989-07-01,WTI,19.78,USD,$
1989-06-01,WTI,20.05,USD,$
1989-05-01,WTI,20.12,USD,$
1989-04-01,WTI,21.07,USD,$
1989-03-01,WTI,19.48,USD,$
1989-02-01,WTI,17.94,USD,$
1989-01-01,WTI,18.02,USD,$
1988-12-01,WTI,16.38,USD,$
1988-11-01,WTI,14.14,USD,$
1988-10-01,WTI,13.77,USD,$
1988-09-01,WTI,14.54,USD,$
1988-08-01,WTI,15.52,USD,$
1988-07-01,WTI,15.5,USD,$
1988-06-01,WTI,16.53,USD,$
1988-05-01,WTI,17.42,USD,$
1988-04-01,WTI,17.86,USD,$
1988-03-01,WTI,16.2,USD,$
1988-02-01,WTI,16.8,USD,$
1988-01-01,WTI,17.13,USD,$
1987-12-01,WTI,17.28,USD,$
1987-11-01,WTI,18.85,USD,$
1987-10-01,WTI,19.86,USD,$
1987-09-01,WTI,19.53,USD,$
1987-08-01,WTI,20.31,USD,$
1987-07-01,WTI,21.34,USD,$
1987-06-01,WTI,20.07,USD,$
1987-05-01,WTI,19.44,USD,$
